WARNING: A terminally deprecated method in sun.misc.Unsafe has been called
WARNING: sun.misc.Unsafe::objectFieldOffset has been called by scala.runtime.LazyVals$ (file:/Users/rcardin/.sdkman/candidates/sbt/1.12.1/bin/sbt-launch.jar)
WARNING: Please consider reporting this to the maintainers of class scala.runtime.LazyVals$
WARNING: sun.misc.Unsafe::objectFieldOffset will be removed in a future release
WARNING: A terminally deprecated method in sun.misc.Unsafe has been called
WARNING: sun.misc.Unsafe::objectFieldOffset has been called by scala.runtime.LazyVals$ (file:/Users/rcardin/.sdkman/candidates/sbt/1.12.1/bin/sbt-launch.jar)
WARNING: Please consider reporting this to the maintainers of class scala.runtime.LazyVals$
WARNING: sun.misc.Unsafe::objectFieldOffset will be removed in a future release
WARNING: A restricted method in java.lang.System has been called
WARNING: java.lang.System::load has been called by org.scalasbt.ipcsocket.NativeLoader in an unnamed module (file:/Users/rcardin/.sbt/boot/scala-2.12.21/org.scala-sbt/sbt/1.12.1/ipcsocket-1.6.3.jar)
WARNING: Use --enable-native-access=ALL-UNNAMED to avoid a warning for callers in this module
WARNING: Restricted methods will be blocked in a future release unless native access is enabled

[info] welcome to sbt 1.12.1 (Eclipse Adoptium Java 26)
[info] loading project definition from /private/tmp/eezo-zinc-lab/debug/project
[info] loading settings for project root from build.sbt...
[info] set current project to root (in build file:/private/tmp/eezo-zinc-lab/debug/)
[debug] clean -- deleting file /private/tmp/eezo-zinc-lab/debug/target/streams/_global/ivyConfiguration/_global/streams/out
[debug] clean -- deleting file /private/tmp/eezo-zinc-lab/debug/target/streams/_global/ivyConfiguration/_global/streams
[debug] clean -- deleting file /private/tmp/eezo-zinc-lab/debug/target/streams/_global/ivyConfiguration/_global
[debug] clean -- deleting file /private/tmp/eezo-zinc-lab/debug/target/streams/_global/ivyConfiguration
[debug] clean -- deleting file /private/tmp/eezo-zinc-lab/debug/target/streams/_global/moduleSettings/_global/streams/out
[debug] clean -- deleting file /private/tmp/eezo-zinc-lab/debug/target/streams/_global/moduleSettings/_global/streams
[debug] clean -- deleting file /private/tmp/eezo-zinc-lab/debug/target/streams/_global/moduleSettings/_global
[debug] clean -- deleting file /private/tmp/eezo-zinc-lab/debug/target/streams/_global/moduleSettings
[debug] clean -- deleting file /private/tmp/eezo-zinc-lab/debug/target/streams/_global/ivySbt/_global/streams/out
[debug] clean -- deleting file /private/tmp/eezo-zinc-lab/debug/target/streams/_global/ivySbt/_global/streams
[debug] clean -- deleting file /private/tmp/eezo-zinc-lab/debug/target/streams/_global/ivySbt/_global
[debug] clean -- deleting file /private/tmp/eezo-zinc-lab/debug/target/streams/_global/ivySbt
[debug] clean -- deleting file /private/tmp/eezo-zinc-lab/debug/target/streams/_global/projectDescriptors/_global/streams/out
[debug] clean -- deleting file /private/tmp/eezo-zinc-lab/debug/target/streams/_global/projectDescriptors/_global/streams
[debug] clean -- deleting file /private/tmp/eezo-zinc-lab/debug/target/streams/_global/projectDescriptors/_global
[debug] clean -- deleting file /private/tmp/eezo-zinc-lab/debug/target/streams/_global/projectDescriptors
[debug] clean -- deleting file /private/tmp/eezo-zinc-lab/debug/target/streams/_global
[debug] clean -- unable to delete non-empty directory /private/tmp/eezo-zinc-lab/debug/target/streams/_global
[debug] clean -- deleting file /private/tmp/eezo-zinc-lab/debug/target/streams
[debug] clean -- unable to delete non-empty directory /private/tmp/eezo-zinc-lab/debug/target/streams
[debug] Other repositories:
[debug] Default repositories:
[debug] Using inline dependencies specified in Scala.
[success] Total time: 0 s, completed 27 lug 2026, 09:35:05
===LAB-BEGIN	clean_build
[debug] not up to date. inChanged = true, force = false
[debug] Updating ...
[debug] Done updating 
[debug] Created transactional ClassFileManager with tempDir = /private/tmp/eezo-zinc-lab/debug/target/scala-3.8.4/classes.bak
[debug] About to delete class files:
[debug] We backup class files:
[debug] [zinc] IncrementalCompile -----------
[debug] IncrementalCompile.incrementalCompile
[debug] previous = Stamps for: 0 products, 0 sources, 0 libraries
[debug] current source = Set(${BASE}/src/main/scala/app/Named1.scala, ${BASE}/src/main/scala/app/Unrelated4.scala, ${BASE}/src/main/scala/app/Unrelated5.scala, ${BASE}/src/main/scala/app/Consumer3.scala, ${BASE}/src/main/scala/app/Unrelated6.scala, ${BASE}/src/main/scala/model/User.scala, ${BASE}/src/main/scala/model/Typeclasses.scala, ${BASE}/src/main/scala/app/Consumer0.scala, ${BASE}/src/main/scala/app/Consumer1.scala, ${BASE}/src/main/scala/app/Named2.scala, ${BASE}/src/main/scala/app/Consumer2.scala, ${BASE}/src/main/scala/app/Named4.scala, ${BASE}/src/main/scala/app/OrderUse.scala, ${BASE}/src/main/scala/app/Unrelated0.scala, ${BASE}/src/main/scala/app/Consumer5.scala, ${BASE}/src/main/scala/app/Unrelated7.scala, ${BASE}/src/main/scala/app/Consumer4.scala, ${BASE}/src/main/scala/app/Named3.scala, ${BASE}/src/main/scala/app/Unrelated1.scala, ${BASE}/src/main/scala/app/Unrelated3.scala, ${BASE}/src/main/scala/app/Unrelated2.scala, ${BASE}/src/main/scala/model/OrderInstances.scala, ${BASE}/src/main/scala/app/Named0.scala, ${BASE}/src/main/scala/app/Named5.scala)
[debug] > initialChanges = InitialChanges(Changes(added = Set(${BASE}/src/main/scala/app/Consumer5.scala, ${BASE}/src/main/scala/app/Consumer4.scala, ${BASE}/src/main/scala/app/Named2.scala, ${BASE}/src/main/scala/app/Unrelated3.scala, ${BASE}/src/main/scala/app/Unrelated1.scala, ${BASE}/src/main/scala/app/Unrelated7.scala, ${BASE}/src/main/scala/app/Consumer0.scala, ${BASE}/src/main/scala/app/Unrelated2.scala, ${BASE}/src/main/scala/app/Named3.scala, ${BASE}/src/main/scala/model/OrderInstances.scala, ${BASE}/src/main/scala/app/Consumer2.scala, ${BASE}/src/main/scala/app/Unrelated6.scala, ${BASE}/src/main/scala/app/Consumer1.scala, ${BASE}/src/main/scala/app/Unrelated5.scala, ${BASE}/src/main/scala/app/Named4.scala, ${BASE}/src/main/scala/model/Typeclasses.scala, ${BASE}/src/main/scala/app/Unrelated4.scala, ${BASE}/src/main/scala/app/OrderUse.scala, ${BASE}/src/main/scala/app/Named0.scala, ${BASE}/src/main/scala/app/Consumer3.scala, ${BASE}/src/main/scala/model/User.scala, ${BASE}/src/main/scala/app/Unrelated0.scala, ${BASE}/src/main/scala/app/Named5.scala, ${BASE}/src/main/scala/app/Named1.scala), removed = Set(), changed = Set(), unmodified = ...),Set(),Set(),API Changes: Set())
[debug] Full compilation, no sources in previous analysis.
[debug] all 24 sources are invalidated
[debug] Created transactional ClassFileManager with tempDir = /private/tmp/eezo-zinc-lab/debug/target/scala-3.8.4/classes.bak
[debug] Initial set of included nodes: 
[debug] About to delete class files:
[debug] We backup class files:
[debug] compilation cycle 1
[info] compiling 24 Scala sources to /private/tmp/eezo-zinc-lab/debug/target/scala-3.8.4/classes ...
[debug] Returning already retrieved and compiled bridge: /Users/rcardin/Library/Caches/Coursier/v1/https/repo1.maven.org/maven2/org/scala-lang/scala3-sbt-bridge/3.8.4/scala3-sbt-bridge-3.8.4.jar.
[debug] [zinc] Running cached compiler 6ced65fd for Scala Compiler version 3.8.4
[debug] [zinc] The Scala compiler is invoked with:
[debug] 	-classpath
[debug] 	/private/tmp/eezo-zinc-lab/debug/target/scala-3.8.4/classes:/Users/rcardin/Library/Caches/Coursier/v1/https/repo1.maven.org/maven2/org/scala-lang/scala3-library_3/3.8.4/scala3-library_3-3.8.4.jar:/Users/rcardin/Library/Caches/Coursier/v1/https/repo1.maven.org/maven2/org/scala-lang/scala-library/3.8.4/scala-library-3.8.4.jar
[warn] -- [E197] Potential Issue Warning: /private/tmp/eezo-zinc-lab/debug/src/main/scala/model/Typeclasses.scala:26:4 
[warn] 26 |    new Codec[A]:
[warn]    |    ^
[warn]    |   New anonymous class definition will be duplicated at each inline site
[warn]    |
[warn]    | longer explanation available when compiling with `-explain`
[warn] -- [E197] Potential Issue Warning: /private/tmp/eezo-zinc-lab/debug/src/main/scala/model/Typeclasses.scala:40:4 
[warn] 40 |    new Table[A] { def columns = cols }
[warn]    |    ^
[warn]    |   New anonymous class definition will be duplicated at each inline site
[warn]    |
[warn]    | longer explanation available when compiling with `-explain`
[warn] -- [E197] Potential Issue Warning: /private/tmp/eezo-zinc-lab/debug/src/main/scala/model/Typeclasses.scala:47:4 
[warn] 47 |    new Form[A] { def html = cols.map(c => s"<input name='$c'>").mkString }
[warn]    |    ^
[warn]    |   New anonymous class definition will be duplicated at each inline site
[warn]    |
[warn]    | longer explanation available when compiling with `-explain`
[warn] -- [E197] Potential Issue Warning: /private/tmp/eezo-zinc-lab/debug/src/main/scala/model/Typeclasses.scala:54:4 
[warn] 54 |    new Resource[A] { def routes = List("GET /", "POST /") ++ cols.map(c => s"GET /:id/$c") }
[warn]    |    ^
[warn]    |   New anonymous class definition will be duplicated at each inline site
[warn]    |
[warn]    | longer explanation available when compiling with `-explain`
[warn] -- [E197] Potential Issue Warning: /private/tmp/eezo-zinc-lab/debug/src/main/scala/model/Typeclasses.scala:61:4 
[warn] 61 |    new Show[A] { def show(a: A) = cols.mkString("<", ",", ">") }
[warn]    |    ^
[warn]    |   New anonymous class definition will be duplicated at each inline site
[warn]    |
[warn]    | longer explanation available when compiling with `-explain`
[warn] 5 warnings found
[debug] Scala compilation took 1.67617525 s
[info] done compiling
[debug] Registering generated classes:
[debug] 	User$$anon$2.class
[debug] 	Named2.class
[debug] 	Unrelated1$.class
[debug] 	Consumer4.class
[debug] 	Consumer5$.class
[debug] 	Consumer0.class
[debug] 	Consumer3$.class
[debug] 	OrderInstances$package$$anon$2.class
[debug] 	Codec$given_Codec_String$.class
[debug] 	Named1$.class
[debug] 	User$.class
[debug] 	OrderUse.class
[debug] 	Named3$.class
[debug] 	Consumer2.class
[debug] 	Consumer0$.class
[debug] 	Order$.class
[debug] 	Unrelated6$.class
[debug] 	Codec$.class
[debug] 	Unrelated4$.class
[debug] 	Resource.class
[debug] 	User$$anon$4.class
[debug] 	Unrelated0$.class
[debug] 	Order.class
[debug] 	Consumer4$.class
[debug] 	Form$.class
[debug] 	Named0.class
[debug] 	Unrelated1.class
[debug] 	Show.class
[debug] 	OrderInstances$package.class
[debug] 	Unrelated3.class
[debug] 	Codec.class
[debug] 	Named4.class
[debug] 	Unrelated7$.class
[debug] 	User$$anon$1.class
[debug] 	Unrelated7.class
[debug] 	Unrelated2$.class
[debug] 	Form.class
[debug] 	Unrelated0.class
[debug] 	Named3.class
[debug] 	Named2$.class
[debug] 	Unrelated6.class
[debug] 	Codec$given_Codec_Boolean$.class
[debug] 	OrderUse$.class
[debug] 	OrderInstances$package$$anon$1.class
[debug] 	Codec$given_Codec_Long$.class
[debug] 	Named0$.class
[debug] 	Unrelated4.class
[debug] 	Resource$.class
[debug] 	Consumer3.class
[debug] 	OrderInstances$package$.class
[debug] 	Unrelated2.class
[debug] 	Consumer1.class
[debug] 	Consumer5.class
[debug] 	Unrelated5$.class
[debug] 	Consumer1$.class
[debug] 	Consumer2$.class
[debug] 	User$$anon$3.class
[debug] 	Unrelated3$.class
[debug] 	Named5.class
[debug] 	Unrelated5.class
[debug] 	Named5$.class
[debug] 	Named4$.class
[debug] 	Table.class
[debug] 	Codec$given_Codec_Int$.class
[debug] 	Named1.class
[debug] 	Show$.class
[debug] 	Table$.class
[debug] 	User.class
[debug] 	User$$anon$2.tasty
[debug] 	Named2.tasty
[debug] 	Unrelated1$.tasty
[debug] 	Consumer4.tasty
[debug] 	Consumer5$.tasty
[debug] 	Consumer0.tasty
[debug] 	Consumer3$.tasty
[debug] 	OrderInstances$package$$anon$2.tasty
[debug] 	Codec$given_Codec_String$.tasty
[debug] 	Named1$.tasty
[debug] 	User$.tasty
[debug] 	OrderUse.tasty
[debug] 	Named3$.tasty
[debug] 	Consumer2.tasty
[debug] 	Consumer0$.tasty
[debug] 	Order$.tasty
[debug] 	Unrelated6$.tasty
[debug] 	Codec$.tasty
[debug] 	Unrelated4$.tasty
[debug] 	Resource.tasty
[debug] 	User$$anon$4.tasty
[debug] 	Unrelated0$.tasty
[debug] 	Order.tasty
[debug] 	Consumer4$.tasty
[debug] 	Form$.tasty
[debug] 	Named0.tasty
[debug] 	Unrelated1.tasty
[debug] 	Show.tasty
[debug] 	OrderInstances$package.tasty
[debug] 	Unrelated3.tasty
[debug] 	Codec.tasty
[debug] 	Named4.tasty
[debug] 	Unrelated7$.tasty
[debug] 	User$$anon$1.tasty
[debug] 	Unrelated7.tasty
[debug] 	Unrelated2$.tasty
[debug] 	Form.tasty
[debug] 	Unrelated0.tasty
[debug] 	Named3.tasty
[debug] 	Named2$.tasty
[debug] 	Unrelated6.tasty
[debug] 	Codec$given_Codec_Boolean$.tasty
[debug] 	OrderUse$.tasty
[debug] 	OrderInstances$package$$anon$1.tasty
[debug] 	Codec$given_Codec_Long$.tasty
[debug] 	Named0$.tasty
[debug] 	Unrelated4.tasty
[debug] 	Resource$.tasty
[debug] 	Consumer3.tasty
[debug] 	OrderInstances$package$.tasty
[debug] 	Unrelated2.tasty
[debug] 	Consumer1.tasty
[debug] 	Consumer5.tasty
[debug] 	Unrelated5$.tasty
[debug] 	Consumer1$.tasty
[debug] 	Consumer2$.tasty
[debug] 	User$$anon$3.tasty
[debug] 	Unrelated3$.tasty
[debug] 	Named5.tasty
[debug] 	Unrelated5.tasty
[debug] 	Named5$.tasty
[debug] 	Named4$.tasty
[debug] 	Table.tasty
[debug] 	Codec$given_Codec_Int$.tasty
[debug] 	Named1.tasty
[debug] 	Show$.tasty
[debug] 	Table$.tasty
[debug] 	User.tasty
[debug] Removing the temporary directory used for backing up class files: /private/tmp/eezo-zinc-lab/debug/target/scala-3.8.4/classes.bak
===LAB-TIMED	clean_build	2058179
edit applied: reset
===LAB-BEGIN	settle_touch_mtime_r1
[debug] [zinc] IncrementalCompile -----------
[debug] IncrementalCompile.incrementalCompile
[debug] previous = Stamps for: 68 products, 24 sources, 1 libraries
[debug] current source = Set(${BASE}/src/main/scala/app/Named1.scala, ${BASE}/src/main/scala/app/Unrelated4.scala, ${BASE}/src/main/scala/app/Unrelated5.scala, ${BASE}/src/main/scala/app/Consumer3.scala, ${BASE}/src/main/scala/app/Unrelated6.scala, ${BASE}/src/main/scala/model/User.scala, ${BASE}/src/main/scala/model/Typeclasses.scala, ${BASE}/src/main/scala/app/Consumer0.scala, ${BASE}/src/main/scala/app/Consumer1.scala, ${BASE}/src/main/scala/app/Named2.scala, ${BASE}/src/main/scala/app/Consumer2.scala, ${BASE}/src/main/scala/app/Named4.scala, ${BASE}/src/main/scala/app/OrderUse.scala, ${BASE}/src/main/scala/app/Unrelated0.scala, ${BASE}/src/main/scala/app/Consumer5.scala, ${BASE}/src/main/scala/app/Unrelated7.scala, ${BASE}/src/main/scala/app/Consumer4.scala, ${BASE}/src/main/scala/app/Named3.scala, ${BASE}/src/main/scala/app/Unrelated1.scala, ${BASE}/src/main/scala/app/Unrelated3.scala, ${BASE}/src/main/scala/app/Unrelated2.scala, ${BASE}/src/main/scala/model/OrderInstances.scala, ${BASE}/src/main/scala/app/Named0.scala, ${BASE}/src/main/scala/app/Named5.scala)
[debug] > initialChanges = InitialChanges(Changes(added = Set(), removed = Set(), changed = Set(), unmodified = ...),Set(),Set(),API Changes: Set())
[debug] No changes
[debug] Created transactional ClassFileManager with tempDir = /private/tmp/eezo-zinc-lab/debug/target/scala-3.8.4/classes.bak
[debug] Removing the temporary directory used for backing up class files: /private/tmp/eezo-zinc-lab/debug/target/scala-3.8.4/classes.bak
===LAB-TIMED	settle_touch_mtime_r1	45365
edit applied: touch_mtime
===LAB-BEGIN	touch_mtime_r1
[debug] [zinc] IncrementalCompile -----------
[debug] IncrementalCompile.incrementalCompile
[debug] previous = Stamps for: 68 products, 24 sources, 1 libraries
[debug] current source = Set(${BASE}/src/main/scala/app/Named1.scala, ${BASE}/src/main/scala/app/Unrelated4.scala, ${BASE}/src/main/scala/app/Unrelated5.scala, ${BASE}/src/main/scala/app/Consumer3.scala, ${BASE}/src/main/scala/app/Unrelated6.scala, ${BASE}/src/main/scala/model/User.scala, ${BASE}/src/main/scala/model/Typeclasses.scala, ${BASE}/src/main/scala/app/Consumer0.scala, ${BASE}/src/main/scala/app/Consumer1.scala, ${BASE}/src/main/scala/app/Named2.scala, ${BASE}/src/main/scala/app/Consumer2.scala, ${BASE}/src/main/scala/app/Named4.scala, ${BASE}/src/main/scala/app/OrderUse.scala, ${BASE}/src/main/scala/app/Unrelated0.scala, ${BASE}/src/main/scala/app/Consumer5.scala, ${BASE}/src/main/scala/app/Unrelated7.scala, ${BASE}/src/main/scala/app/Consumer4.scala, ${BASE}/src/main/scala/app/Named3.scala, ${BASE}/src/main/scala/app/Unrelated1.scala, ${BASE}/src/main/scala/app/Unrelated3.scala, ${BASE}/src/main/scala/app/Unrelated2.scala, ${BASE}/src/main/scala/model/OrderInstances.scala, ${BASE}/src/main/scala/app/Named0.scala, ${BASE}/src/main/scala/app/Named5.scala)
[debug] > initialChanges = InitialChanges(Changes(added = Set(), removed = Set(), changed = Set(), unmodified = ...),Set(),Set(),API Changes: Set())
[debug] No changes
[debug] Created transactional ClassFileManager with tempDir = /private/tmp/eezo-zinc-lab/debug/target/scala-3.8.4/classes.bak
[debug] Removing the temporary directory used for backing up class files: /private/tmp/eezo-zinc-lab/debug/target/scala-3.8.4/classes.bak
===LAB-TIMED	touch_mtime_r1	22502
edit applied: reset
===LAB-BEGIN	settle_comment_r1
[debug] [zinc] IncrementalCompile -----------
[debug] IncrementalCompile.incrementalCompile
[debug] previous = Stamps for: 68 products, 24 sources, 1 libraries
[debug] current source = Set(${BASE}/src/main/scala/app/Named1.scala, ${BASE}/src/main/scala/app/Unrelated4.scala, ${BASE}/src/main/scala/app/Unrelated5.scala, ${BASE}/src/main/scala/app/Consumer3.scala, ${BASE}/src/main/scala/app/Unrelated6.scala, ${BASE}/src/main/scala/model/User.scala, ${BASE}/src/main/scala/model/Typeclasses.scala, ${BASE}/src/main/scala/app/Consumer0.scala, ${BASE}/src/main/scala/app/Consumer1.scala, ${BASE}/src/main/scala/app/Named2.scala, ${BASE}/src/main/scala/app/Consumer2.scala, ${BASE}/src/main/scala/app/Named4.scala, ${BASE}/src/main/scala/app/OrderUse.scala, ${BASE}/src/main/scala/app/Unrelated0.scala, ${BASE}/src/main/scala/app/Consumer5.scala, ${BASE}/src/main/scala/app/Unrelated7.scala, ${BASE}/src/main/scala/app/Consumer4.scala, ${BASE}/src/main/scala/app/Named3.scala, ${BASE}/src/main/scala/app/Unrelated1.scala, ${BASE}/src/main/scala/app/Unrelated3.scala, ${BASE}/src/main/scala/app/Unrelated2.scala, ${BASE}/src/main/scala/model/OrderInstances.scala, ${BASE}/src/main/scala/app/Named0.scala, ${BASE}/src/main/scala/app/Named5.scala)
[debug] > initialChanges = InitialChanges(Changes(added = Set(), removed = Set(), changed = Set(), unmodified = ...),Set(),Set(),API Changes: Set())
[debug] No changes
[debug] Created transactional ClassFileManager with tempDir = /private/tmp/eezo-zinc-lab/debug/target/scala-3.8.4/classes.bak
[debug] Removing the temporary directory used for backing up class files: /private/tmp/eezo-zinc-lab/debug/target/scala-3.8.4/classes.bak
===LAB-TIMED	settle_comment_r1	20189
edit applied: comment
===LAB-BEGIN	comment_r1
[debug] [zinc] IncrementalCompile -----------
[debug] IncrementalCompile.incrementalCompile
[debug] previous = Stamps for: 68 products, 24 sources, 1 libraries
[debug] current source = Set(${BASE}/src/main/scala/app/Named1.scala, ${BASE}/src/main/scala/app/Unrelated4.scala, ${BASE}/src/main/scala/app/Unrelated5.scala, ${BASE}/src/main/scala/app/Consumer3.scala, ${BASE}/src/main/scala/app/Unrelated6.scala, ${BASE}/src/main/scala/model/User.scala, ${BASE}/src/main/scala/model/Typeclasses.scala, ${BASE}/src/main/scala/app/Consumer0.scala, ${BASE}/src/main/scala/app/Consumer1.scala, ${BASE}/src/main/scala/app/Named2.scala, ${BASE}/src/main/scala/app/Consumer2.scala, ${BASE}/src/main/scala/app/Named4.scala, ${BASE}/src/main/scala/app/OrderUse.scala, ${BASE}/src/main/scala/app/Unrelated0.scala, ${BASE}/src/main/scala/app/Consumer5.scala, ${BASE}/src/main/scala/app/Unrelated7.scala, ${BASE}/src/main/scala/app/Consumer4.scala, ${BASE}/src/main/scala/app/Named3.scala, ${BASE}/src/main/scala/app/Unrelated1.scala, ${BASE}/src/main/scala/app/Unrelated3.scala, ${BASE}/src/main/scala/app/Unrelated2.scala, ${BASE}/src/main/scala/model/OrderInstances.scala, ${BASE}/src/main/scala/app/Named0.scala, ${BASE}/src/main/scala/app/Named5.scala)
[debug] > initialChanges = InitialChanges(Changes(added = Set(), removed = Set(), changed = Set(${BASE}/src/main/scala/model/User.scala), unmodified = ...),Set(),Set(),API Changes: Set())
[debug] 
[debug] Initial source changes:
[debug] 	removed: Set()
[debug] 	added: Set()
[debug] 	modified: Set(${BASE}/src/main/scala/model/User.scala)
[debug] Invalidated products: Set()
[debug] External API changes: API Changes: Set()
[debug] Modified binary dependencies: Set()
[debug] Initial directly invalidated classes: Set(model.Order, model.User)
[debug] Sources indirectly invalidated by:
[debug] 	product: Set()
[debug] 	binary dep: Set()
[debug] 	external source: Set()
[debug] All initially invalidated classes: Set(model.Order, model.User)
[debug] All initially invalidated sources:Set(${BASE}/src/main/scala/model/User.scala)
[debug] Created transactional ClassFileManager with tempDir = /private/tmp/eezo-zinc-lab/debug/target/scala-3.8.4/classes.bak
[debug] Initial set of included nodes: model.Order, model.User
[debug] About to delete class files:
[debug] 	User$$anon$2.class
[debug] 	User$.class
[debug] 	Order$.class
[debug] 	User$$anon$4.class
[debug] 	Order.class
[debug] 	User$$anon$1.class
[debug] 	User$$anon$3.class
[debug] 	User.class
[debug] 	User$$anon$2.tasty
[debug] 	User$.tasty
[debug] 	Order$.tasty
[debug] 	User$$anon$4.tasty
[debug] 	Order.tasty
[debug] 	User$$anon$1.tasty
[debug] 	User$$anon$3.tasty
[debug] 	User.tasty
[debug] We backup class files:
[debug] 	User$$anon$2.class
[debug] 	User$.class
[debug] 	Order$.class
[debug] 	User$$anon$4.class
[debug] 	Order.class
[debug] 	User$$anon$1.class
[debug] 	User$$anon$3.class
[debug] 	User.class
[debug] 	User$$anon$2.tasty
[debug] 	User$.tasty
[debug] 	Order$.tasty
[debug] 	User$$anon$4.tasty
[debug] 	Order.tasty
[debug] 	User$$anon$1.tasty
[debug] 	User$$anon$3.tasty
[debug] 	User.tasty
[debug] compilation cycle 1
[info] compiling 1 Scala source to /private/tmp/eezo-zinc-lab/debug/target/scala-3.8.4/classes ...
[debug] Returning already retrieved and compiled bridge: /Users/rcardin/Library/Caches/Coursier/v1/https/repo1.maven.org/maven2/org/scala-lang/scala3-sbt-bridge/3.8.4/scala3-sbt-bridge-3.8.4.jar.
[debug] [zinc] Running cached compiler 1551725d for Scala Compiler version 3.8.4
[debug] [zinc] The Scala compiler is invoked with:
[debug] 	-classpath
[debug] 	/private/tmp/eezo-zinc-lab/debug/target/scala-3.8.4/classes:/Users/rcardin/Library/Caches/Coursier/v1/https/repo1.maven.org/maven2/org/scala-lang/scala3-library_3/3.8.4/scala3-library_3-3.8.4.jar:/Users/rcardin/Library/Caches/Coursier/v1/https/repo1.maven.org/maven2/org/scala-lang/scala-library/3.8.4/scala-library-3.8.4.jar
[debug] Scala compilation took 0.265019375 s
[info] done compiling
[debug] Registering generated classes:
[debug] 	User$$anon$2.class
[debug] 	User$.class
[debug] 	Order$.class
[debug] 	User$$anon$4.class
[debug] 	Order.class
[debug] 	User$$anon$1.class
[debug] 	User$$anon$3.class
[debug] 	User.class
[debug] 	User$$anon$2.tasty
[debug] 	User$.tasty
[debug] 	Order$.tasty
[debug] 	User$$anon$4.tasty
[debug] 	Order.tasty
[debug] 	User$$anon$1.tasty
[debug] 	User$$anon$3.tasty
[debug] 	User.tasty
[debug] New invalidations:
[debug] Initial set of included nodes: 
[debug] Previously invalidated, but (transitively) depend on new invalidations:
[debug] Final step, transitive dependencies:
[debug] 	Set()
[debug] Initial set of included nodes: model.Order, model.User
[debug] Including model.OrderInstances$package by model.Order
[debug] Including app.OrderUse by model.OrderInstances$package
[debug] Including app.Named3 by model.User
[debug] Including app.Consumer4 by model.User
[debug] Including app.Consumer3 by model.User
[debug] Including app.Named5 by model.User
[debug] Including app.Named2 by model.User
[debug] Including app.Consumer2 by model.User
[debug] Including app.Consumer5 by model.User
[debug] Including app.Named1 by model.User
[debug] Including app.Consumer1 by model.User
[debug] Including app.Named4 by model.User
[debug] Including app.Consumer0 by model.User
[debug] Including app.Named0 by model.User
[debug] Invalidated macros due to upstream dependencies change: Set()
[debug] No classes were invalidated.
[debug] Removing the temporary directory used for backing up class files: /private/tmp/eezo-zinc-lab/debug/target/scala-3.8.4/classes.bak
===LAB-TIMED	comment_r1	309050
edit applied: reset
===LAB-BEGIN	settle_method_body_r1
[debug] [zinc] IncrementalCompile -----------
[debug] IncrementalCompile.incrementalCompile
[debug] previous = Stamps for: 68 products, 24 sources, 5 libraries
[debug] current source = Set(${BASE}/src/main/scala/app/Named1.scala, ${BASE}/src/main/scala/app/Unrelated4.scala, ${BASE}/src/main/scala/app/Unrelated5.scala, ${BASE}/src/main/scala/app/Consumer3.scala, ${BASE}/src/main/scala/app/Unrelated6.scala, ${BASE}/src/main/scala/model/User.scala, ${BASE}/src/main/scala/model/Typeclasses.scala, ${BASE}/src/main/scala/app/Consumer0.scala, ${BASE}/src/main/scala/app/Consumer1.scala, ${BASE}/src/main/scala/app/Named2.scala, ${BASE}/src/main/scala/app/Consumer2.scala, ${BASE}/src/main/scala/app/Named4.scala, ${BASE}/src/main/scala/app/OrderUse.scala, ${BASE}/src/main/scala/app/Unrelated0.scala, ${BASE}/src/main/scala/app/Consumer5.scala, ${BASE}/src/main/scala/app/Unrelated7.scala, ${BASE}/src/main/scala/app/Consumer4.scala, ${BASE}/src/main/scala/app/Named3.scala, ${BASE}/src/main/scala/app/Unrelated1.scala, ${BASE}/src/main/scala/app/Unrelated3.scala, ${BASE}/src/main/scala/app/Unrelated2.scala, ${BASE}/src/main/scala/model/OrderInstances.scala, ${BASE}/src/main/scala/app/Named0.scala, ${BASE}/src/main/scala/app/Named5.scala)
[debug] > initialChanges = InitialChanges(Changes(added = Set(), removed = Set(), changed = Set(${BASE}/src/main/scala/model/User.scala), unmodified = ...),Set(),Set(),API Changes: Set())
[debug] 
[debug] Initial source changes:
[debug] 	removed: Set()
[debug] 	added: Set()
[debug] 	modified: Set(${BASE}/src/main/scala/model/User.scala)
[debug] Invalidated products: Set()
[debug] External API changes: API Changes: Set()
[debug] Modified binary dependencies: Set()
[debug] Initial directly invalidated classes: Set(model.Order, model.User)
[debug] Sources indirectly invalidated by:
[debug] 	product: Set()
[debug] 	binary dep: Set()
[debug] 	external source: Set()
[debug] All initially invalidated classes: Set(model.Order, model.User)
[debug] All initially invalidated sources:Set(${BASE}/src/main/scala/model/User.scala)
[debug] Created transactional ClassFileManager with tempDir = /private/tmp/eezo-zinc-lab/debug/target/scala-3.8.4/classes.bak
[debug] Initial set of included nodes: model.Order, model.User
[debug] About to delete class files:
[debug] 	User$$anon$2.class
[debug] 	User$.class
[debug] 	Order$.class
[debug] 	User$$anon$4.class
[debug] 	Order.class
[debug] 	User$$anon$1.class
[debug] 	User$$anon$3.class
[debug] 	User.class
[debug] 	User$$anon$2.tasty
[debug] 	User$.tasty
[debug] 	Order$.tasty
[debug] 	User$$anon$4.tasty
[debug] 	Order.tasty
[debug] 	User$$anon$1.tasty
[debug] 	User$$anon$3.tasty
[debug] 	User.tasty
[debug] We backup class files:
[debug] 	User$$anon$2.class
[debug] 	User$.class
[debug] 	Order$.class
[debug] 	User$$anon$4.class
[debug] 	Order.class
[debug] 	User$$anon$1.class
[debug] 	User$$anon$3.class
[debug] 	User.class
[debug] 	User$$anon$2.tasty
[debug] 	User$.tasty
[debug] 	Order$.tasty
[debug] 	User$$anon$4.tasty
[debug] 	Order.tasty
[debug] 	User$$anon$1.tasty
[debug] 	User$$anon$3.tasty
[debug] 	User.tasty
[debug] compilation cycle 1
[info] compiling 1 Scala source to /private/tmp/eezo-zinc-lab/debug/target/scala-3.8.4/classes ...
[debug] Returning already retrieved and compiled bridge: /Users/rcardin/Library/Caches/Coursier/v1/https/repo1.maven.org/maven2/org/scala-lang/scala3-sbt-bridge/3.8.4/scala3-sbt-bridge-3.8.4.jar.
[debug] [zinc] Running cached compiler 2bc5241e for Scala Compiler version 3.8.4
[debug] [zinc] The Scala compiler is invoked with:
[debug] 	-classpath
[debug] 	/private/tmp/eezo-zinc-lab/debug/target/scala-3.8.4/classes:/Users/rcardin/Library/Caches/Coursier/v1/https/repo1.maven.org/maven2/org/scala-lang/scala3-library_3/3.8.4/scala3-library_3-3.8.4.jar:/Users/rcardin/Library/Caches/Coursier/v1/https/repo1.maven.org/maven2/org/scala-lang/scala-library/3.8.4/scala-library-3.8.4.jar
[debug] Scala compilation took 0.202992667 s
[info] done compiling
[debug] Registering generated classes:
[debug] 	User$$anon$2.class
[debug] 	User$.class
[debug] 	Order$.class
[debug] 	User$$anon$4.class
[debug] 	Order.class
[debug] 	User$$anon$1.class
[debug] 	User$$anon$3.class
[debug] 	User.class
[debug] 	User$$anon$2.tasty
[debug] 	User$.tasty
[debug] 	Order$.tasty
[debug] 	User$$anon$4.tasty
[debug] 	Order.tasty
[debug] 	User$$anon$1.tasty
[debug] 	User$$anon$3.tasty
[debug] 	User.tasty
[debug] New invalidations:
[debug] Initial set of included nodes: 
[debug] Previously invalidated, but (transitively) depend on new invalidations:
[debug] Final step, transitive dependencies:
[debug] 	Set()
[debug] Initial set of included nodes: model.Order, model.User
[debug] Including model.OrderInstances$package by model.Order
[debug] Including app.OrderUse by model.OrderInstances$package
[debug] Including app.Named3 by model.User
[debug] Including app.Consumer4 by model.User
[debug] Including app.Consumer3 by model.User
[debug] Including app.Named5 by model.User
[debug] Including app.Named2 by model.User
[debug] Including app.Consumer2 by model.User
[debug] Including app.Consumer5 by model.User
[debug] Including app.Named1 by model.User
[debug] Including app.Consumer1 by model.User
[debug] Including app.Named4 by model.User
[debug] Including app.Consumer0 by model.User
[debug] Including app.Named0 by model.User
[debug] Invalidated macros due to upstream dependencies change: Set()
[debug] No classes were invalidated.
[debug] Removing the temporary directory used for backing up class files: /private/tmp/eezo-zinc-lab/debug/target/scala-3.8.4/classes.bak
===LAB-TIMED	settle_method_body_r1	238386
edit applied: method_body
===LAB-BEGIN	method_body_r1
[debug] [zinc] IncrementalCompile -----------
[debug] IncrementalCompile.incrementalCompile
[debug] previous = Stamps for: 68 products, 24 sources, 5 libraries
[debug] current source = Set(${BASE}/src/main/scala/app/Named1.scala, ${BASE}/src/main/scala/app/Unrelated4.scala, ${BASE}/src/main/scala/app/Unrelated5.scala, ${BASE}/src/main/scala/app/Consumer3.scala, ${BASE}/src/main/scala/app/Unrelated6.scala, ${BASE}/src/main/scala/model/User.scala, ${BASE}/src/main/scala/model/Typeclasses.scala, ${BASE}/src/main/scala/app/Consumer0.scala, ${BASE}/src/main/scala/app/Consumer1.scala, ${BASE}/src/main/scala/app/Named2.scala, ${BASE}/src/main/scala/app/Consumer2.scala, ${BASE}/src/main/scala/app/Named4.scala, ${BASE}/src/main/scala/app/OrderUse.scala, ${BASE}/src/main/scala/app/Unrelated0.scala, ${BASE}/src/main/scala/app/Consumer5.scala, ${BASE}/src/main/scala/app/Unrelated7.scala, ${BASE}/src/main/scala/app/Consumer4.scala, ${BASE}/src/main/scala/app/Named3.scala, ${BASE}/src/main/scala/app/Unrelated1.scala, ${BASE}/src/main/scala/app/Unrelated3.scala, ${BASE}/src/main/scala/app/Unrelated2.scala, ${BASE}/src/main/scala/model/OrderInstances.scala, ${BASE}/src/main/scala/app/Named0.scala, ${BASE}/src/main/scala/app/Named5.scala)
[debug] > initialChanges = InitialChanges(Changes(added = Set(), removed = Set(), changed = Set(${BASE}/src/main/scala/model/User.scala), unmodified = ...),Set(),Set(),API Changes: Set())
[debug] 
[debug] Initial source changes:
[debug] 	removed: Set()
[debug] 	added: Set()
[debug] 	modified: Set(${BASE}/src/main/scala/model/User.scala)
[debug] Invalidated products: Set()
[debug] External API changes: API Changes: Set()
[debug] Modified binary dependencies: Set()
[debug] Initial directly invalidated classes: Set(model.Order, model.User)
[debug] Sources indirectly invalidated by:
[debug] 	product: Set()
[debug] 	binary dep: Set()
[debug] 	external source: Set()
[debug] All initially invalidated classes: Set(model.Order, model.User)
[debug] All initially invalidated sources:Set(${BASE}/src/main/scala/model/User.scala)
[debug] Created transactional ClassFileManager with tempDir = /private/tmp/eezo-zinc-lab/debug/target/scala-3.8.4/classes.bak
[debug] Initial set of included nodes: model.Order, model.User
[debug] About to delete class files:
[debug] 	User$$anon$2.class
[debug] 	User$.class
[debug] 	Order$.class
[debug] 	User$$anon$4.class
[debug] 	Order.class
[debug] 	User$$anon$1.class
[debug] 	User$$anon$3.class
[debug] 	User.class
[debug] 	User$$anon$2.tasty
[debug] 	User$.tasty
[debug] 	Order$.tasty
[debug] 	User$$anon$4.tasty
[debug] 	Order.tasty
[debug] 	User$$anon$1.tasty
[debug] 	User$$anon$3.tasty
[debug] 	User.tasty
[debug] We backup class files:
[debug] 	User$$anon$2.class
[debug] 	User$.class
[debug] 	Order$.class
[debug] 	User$$anon$4.class
[debug] 	Order.class
[debug] 	User$$anon$1.class
[debug] 	User$$anon$3.class
[debug] 	User.class
[debug] 	User$$anon$2.tasty
[debug] 	User$.tasty
[debug] 	Order$.tasty
[debug] 	User$$anon$4.tasty
[debug] 	Order.tasty
[debug] 	User$$anon$1.tasty
[debug] 	User$$anon$3.tasty
[debug] 	User.tasty
[debug] compilation cycle 1
[info] compiling 1 Scala source to /private/tmp/eezo-zinc-lab/debug/target/scala-3.8.4/classes ...
[debug] Returning already retrieved and compiled bridge: /Users/rcardin/Library/Caches/Coursier/v1/https/repo1.maven.org/maven2/org/scala-lang/scala3-sbt-bridge/3.8.4/scala3-sbt-bridge-3.8.4.jar.
[debug] [zinc] Running cached compiler 2a01c043 for Scala Compiler version 3.8.4
[debug] [zinc] The Scala compiler is invoked with:
[debug] 	-classpath
[debug] 	/private/tmp/eezo-zinc-lab/debug/target/scala-3.8.4/classes:/Users/rcardin/Library/Caches/Coursier/v1/https/repo1.maven.org/maven2/org/scala-lang/scala3-library_3/3.8.4/scala3-library_3-3.8.4.jar:/Users/rcardin/Library/Caches/Coursier/v1/https/repo1.maven.org/maven2/org/scala-lang/scala-library/3.8.4/scala-library-3.8.4.jar
[debug] Scala compilation took 0.204163125 s
[info] done compiling
[debug] Registering generated classes:
[debug] 	User$$anon$2.class
[debug] 	User$.class
[debug] 	Order$.class
[debug] 	User$$anon$4.class
[debug] 	Order.class
[debug] 	User$$anon$1.class
[debug] 	User$$anon$3.class
[debug] 	User.class
[debug] 	User$$anon$2.tasty
[debug] 	User$.tasty
[debug] 	Order$.tasty
[debug] 	User$$anon$4.tasty
[debug] 	Order.tasty
[debug] 	User$$anon$1.tasty
[debug] 	User$$anon$3.tasty
[debug] 	User.tasty
[debug] New invalidations:
[debug] Initial set of included nodes: 
[debug] Previously invalidated, but (transitively) depend on new invalidations:
[debug] Final step, transitive dependencies:
[debug] 	Set()
[debug] Initial set of included nodes: model.Order, model.User
[debug] Including model.OrderInstances$package by model.Order
[debug] Including app.OrderUse by model.OrderInstances$package
[debug] Including app.Named3 by model.User
[debug] Including app.Consumer4 by model.User
[debug] Including app.Consumer3 by model.User
[debug] Including app.Named5 by model.User
[debug] Including app.Named2 by model.User
[debug] Including app.Consumer2 by model.User
[debug] Including app.Consumer5 by model.User
[debug] Including app.Named1 by model.User
[debug] Including app.Consumer1 by model.User
[debug] Including app.Named4 by model.User
[debug] Including app.Consumer0 by model.User
[debug] Including app.Named0 by model.User
[debug] Invalidated macros due to upstream dependencies change: Set()
[debug] No classes were invalidated.
[debug] Removing the temporary directory used for backing up class files: /private/tmp/eezo-zinc-lab/debug/target/scala-3.8.4/classes.bak
===LAB-TIMED	method_body_r1	240304
edit applied: reset
===LAB-BEGIN	settle_add_field_r1
[debug] [zinc] IncrementalCompile -----------
[debug] IncrementalCompile.incrementalCompile
[debug] previous = Stamps for: 68 products, 24 sources, 5 libraries
[debug] current source = Set(${BASE}/src/main/scala/app/Named1.scala, ${BASE}/src/main/scala/app/Unrelated4.scala, ${BASE}/src/main/scala/app/Unrelated5.scala, ${BASE}/src/main/scala/app/Consumer3.scala, ${BASE}/src/main/scala/app/Unrelated6.scala, ${BASE}/src/main/scala/model/User.scala, ${BASE}/src/main/scala/model/Typeclasses.scala, ${BASE}/src/main/scala/app/Consumer0.scala, ${BASE}/src/main/scala/app/Consumer1.scala, ${BASE}/src/main/scala/app/Named2.scala, ${BASE}/src/main/scala/app/Consumer2.scala, ${BASE}/src/main/scala/app/Named4.scala, ${BASE}/src/main/scala/app/OrderUse.scala, ${BASE}/src/main/scala/app/Unrelated0.scala, ${BASE}/src/main/scala/app/Consumer5.scala, ${BASE}/src/main/scala/app/Unrelated7.scala, ${BASE}/src/main/scala/app/Consumer4.scala, ${BASE}/src/main/scala/app/Named3.scala, ${BASE}/src/main/scala/app/Unrelated1.scala, ${BASE}/src/main/scala/app/Unrelated3.scala, ${BASE}/src/main/scala/app/Unrelated2.scala, ${BASE}/src/main/scala/model/OrderInstances.scala, ${BASE}/src/main/scala/app/Named0.scala, ${BASE}/src/main/scala/app/Named5.scala)
[debug] > initialChanges = InitialChanges(Changes(added = Set(), removed = Set(), changed = Set(${BASE}/src/main/scala/model/User.scala), unmodified = ...),Set(),Set(),API Changes: Set())
[debug] 
[debug] Initial source changes:
[debug] 	removed: Set()
[debug] 	added: Set()
[debug] 	modified: Set(${BASE}/src/main/scala/model/User.scala)
[debug] Invalidated products: Set()
[debug] External API changes: API Changes: Set()
[debug] Modified binary dependencies: Set()
[debug] Initial directly invalidated classes: Set(model.Order, model.User)
[debug] Sources indirectly invalidated by:
[debug] 	product: Set()
[debug] 	binary dep: Set()
[debug] 	external source: Set()
[debug] All initially invalidated classes: Set(model.Order, model.User)
[debug] All initially invalidated sources:Set(${BASE}/src/main/scala/model/User.scala)
[debug] Created transactional ClassFileManager with tempDir = /private/tmp/eezo-zinc-lab/debug/target/scala-3.8.4/classes.bak
[debug] Initial set of included nodes: model.Order, model.User
[debug] About to delete class files:
[debug] 	User$$anon$2.class
[debug] 	User$.class
[debug] 	Order$.class
[debug] 	User$$anon$4.class
[debug] 	Order.class
[debug] 	User$$anon$1.class
[debug] 	User$$anon$3.class
[debug] 	User.class
[debug] 	User$$anon$2.tasty
[debug] 	User$.tasty
[debug] 	Order$.tasty
[debug] 	User$$anon$4.tasty
[debug] 	Order.tasty
[debug] 	User$$anon$1.tasty
[debug] 	User$$anon$3.tasty
[debug] 	User.tasty
[debug] We backup class files:
[debug] 	User$$anon$2.class
[debug] 	User$.class
[debug] 	Order$.class
[debug] 	User$$anon$4.class
[debug] 	Order.class
[debug] 	User$$anon$1.class
[debug] 	User$$anon$3.class
[debug] 	User.class
[debug] 	User$$anon$2.tasty
[debug] 	User$.tasty
[debug] 	Order$.tasty
[debug] 	User$$anon$4.tasty
[debug] 	Order.tasty
[debug] 	User$$anon$1.tasty
[debug] 	User$$anon$3.tasty
[debug] 	User.tasty
[debug] compilation cycle 1
[info] compiling 1 Scala source to /private/tmp/eezo-zinc-lab/debug/target/scala-3.8.4/classes ...
[debug] Returning already retrieved and compiled bridge: /Users/rcardin/Library/Caches/Coursier/v1/https/repo1.maven.org/maven2/org/scala-lang/scala3-sbt-bridge/3.8.4/scala3-sbt-bridge-3.8.4.jar.
[debug] [zinc] Running cached compiler 156ba8d5 for Scala Compiler version 3.8.4
[debug] [zinc] The Scala compiler is invoked with:
[debug] 	-classpath
[debug] 	/private/tmp/eezo-zinc-lab/debug/target/scala-3.8.4/classes:/Users/rcardin/Library/Caches/Coursier/v1/https/repo1.maven.org/maven2/org/scala-lang/scala3-library_3/3.8.4/scala3-library_3-3.8.4.jar:/Users/rcardin/Library/Caches/Coursier/v1/https/repo1.maven.org/maven2/org/scala-lang/scala-library/3.8.4/scala-library-3.8.4.jar
[debug] Scala compilation took 0.165697084 s
[info] done compiling
[debug] Registering generated classes:
[debug] 	User$$anon$2.class
[debug] 	User$.class
[debug] 	Order$.class
[debug] 	User$$anon$4.class
[debug] 	Order.class
[debug] 	User$$anon$1.class
[debug] 	User$$anon$3.class
[debug] 	User.class
[debug] 	User$$anon$2.tasty
[debug] 	User$.tasty
[debug] 	Order$.tasty
[debug] 	User$$anon$4.tasty
[debug] 	Order.tasty
[debug] 	User$$anon$1.tasty
[debug] 	User$$anon$3.tasty
[debug] 	User.tasty
[debug] New invalidations:
[debug] Initial set of included nodes: 
[debug] Previously invalidated, but (transitively) depend on new invalidations:
[debug] Final step, transitive dependencies:
[debug] 	Set()
[debug] Initial set of included nodes: model.Order, model.User
[debug] Including model.OrderInstances$package by model.Order
[debug] Including app.OrderUse by model.OrderInstances$package
[debug] Including app.Named3 by model.User
[debug] Including app.Consumer4 by model.User
[debug] Including app.Consumer3 by model.User
[debug] Including app.Named5 by model.User
[debug] Including app.Named2 by model.User
[debug] Including app.Consumer2 by model.User
[debug] Including app.Consumer5 by model.User
[debug] Including app.Named1 by model.User
[debug] Including app.Consumer1 by model.User
[debug] Including app.Named4 by model.User
[debug] Including app.Consumer0 by model.User
[debug] Including app.Named0 by model.User
[debug] Invalidated macros due to upstream dependencies change: Set()
[debug] No classes were invalidated.
[debug] Removing the temporary directory used for backing up class files: /private/tmp/eezo-zinc-lab/debug/target/scala-3.8.4/classes.bak
===LAB-TIMED	settle_add_field_r1	201802
edit applied: add_field
===LAB-BEGIN	add_field_r1
[debug] [zinc] IncrementalCompile -----------
[debug] IncrementalCompile.incrementalCompile
[debug] previous = Stamps for: 68 products, 24 sources, 5 libraries
[debug] current source = Set(${BASE}/src/main/scala/app/Named1.scala, ${BASE}/src/main/scala/app/Unrelated4.scala, ${BASE}/src/main/scala/app/Unrelated5.scala, ${BASE}/src/main/scala/app/Consumer3.scala, ${BASE}/src/main/scala/app/Unrelated6.scala, ${BASE}/src/main/scala/model/User.scala, ${BASE}/src/main/scala/model/Typeclasses.scala, ${BASE}/src/main/scala/app/Consumer0.scala, ${BASE}/src/main/scala/app/Consumer1.scala, ${BASE}/src/main/scala/app/Named2.scala, ${BASE}/src/main/scala/app/Consumer2.scala, ${BASE}/src/main/scala/app/Named4.scala, ${BASE}/src/main/scala/app/OrderUse.scala, ${BASE}/src/main/scala/app/Unrelated0.scala, ${BASE}/src/main/scala/app/Consumer5.scala, ${BASE}/src/main/scala/app/Unrelated7.scala, ${BASE}/src/main/scala/app/Consumer4.scala, ${BASE}/src/main/scala/app/Named3.scala, ${BASE}/src/main/scala/app/Unrelated1.scala, ${BASE}/src/main/scala/app/Unrelated3.scala, ${BASE}/src/main/scala/app/Unrelated2.scala, ${BASE}/src/main/scala/model/OrderInstances.scala, ${BASE}/src/main/scala/app/Named0.scala, ${BASE}/src/main/scala/app/Named5.scala)
[debug] > initialChanges = InitialChanges(Changes(added = Set(), removed = Set(), changed = Set(${BASE}/src/main/scala/model/User.scala), unmodified = ...),Set(),Set(),API Changes: Set())
[debug] 
[debug] Initial source changes:
[debug] 	removed: Set()
[debug] 	added: Set()
[debug] 	modified: Set(${BASE}/src/main/scala/model/User.scala)
[debug] Invalidated products: Set()
[debug] External API changes: API Changes: Set()
[debug] Modified binary dependencies: Set()
[debug] Initial directly invalidated classes: Set(model.Order, model.User)
[debug] Sources indirectly invalidated by:
[debug] 	product: Set()
[debug] 	binary dep: Set()
[debug] 	external source: Set()
[debug] All initially invalidated classes: Set(model.Order, model.User)
[debug] All initially invalidated sources:Set(${BASE}/src/main/scala/model/User.scala)
[debug] Created transactional ClassFileManager with tempDir = /private/tmp/eezo-zinc-lab/debug/target/scala-3.8.4/classes.bak
[debug] Initial set of included nodes: model.Order, model.User
[debug] About to delete class files:
[debug] 	User$$anon$2.class
[debug] 	User$.class
[debug] 	Order$.class
[debug] 	User$$anon$4.class
[debug] 	Order.class
[debug] 	User$$anon$1.class
[debug] 	User$$anon$3.class
[debug] 	User.class
[debug] 	User$$anon$2.tasty
[debug] 	User$.tasty
[debug] 	Order$.tasty
[debug] 	User$$anon$4.tasty
[debug] 	Order.tasty
[debug] 	User$$anon$1.tasty
[debug] 	User$$anon$3.tasty
[debug] 	User.tasty
[debug] We backup class files:
[debug] 	User$$anon$2.class
[debug] 	User$.class
[debug] 	Order$.class
[debug] 	User$$anon$4.class
[debug] 	Order.class
[debug] 	User$$anon$1.class
[debug] 	User$$anon$3.class
[debug] 	User.class
[debug] 	User$$anon$2.tasty
[debug] 	User$.tasty
[debug] 	Order$.tasty
[debug] 	User$$anon$4.tasty
[debug] 	Order.tasty
[debug] 	User$$anon$1.tasty
[debug] 	User$$anon$3.tasty
[debug] 	User.tasty
[debug] compilation cycle 1
[info] compiling 1 Scala source to /private/tmp/eezo-zinc-lab/debug/target/scala-3.8.4/classes ...
[debug] Returning already retrieved and compiled bridge: /Users/rcardin/Library/Caches/Coursier/v1/https/repo1.maven.org/maven2/org/scala-lang/scala3-sbt-bridge/3.8.4/scala3-sbt-bridge-3.8.4.jar.
[debug] [zinc] Running cached compiler 1418800f for Scala Compiler version 3.8.4
[debug] [zinc] The Scala compiler is invoked with:
[debug] 	-classpath
[debug] 	/private/tmp/eezo-zinc-lab/debug/target/scala-3.8.4/classes:/Users/rcardin/Library/Caches/Coursier/v1/https/repo1.maven.org/maven2/org/scala-lang/scala3-library_3/3.8.4/scala3-library_3-3.8.4.jar:/Users/rcardin/Library/Caches/Coursier/v1/https/repo1.maven.org/maven2/org/scala-lang/scala-library/3.8.4/scala-library-3.8.4.jar
[debug] Scala compilation took 0.151232917 s
[info] done compiling
[debug] Registering generated classes:
[debug] 	User$$anon$2.class
[debug] 	User$.class
[debug] 	Order$.class
[debug] 	User$$anon$4.class
[debug] 	Order.class
[debug] 	User$$anon$1.class
[debug] 	User$$anon$3.class
[debug] 	User.class
[debug] 	User$$anon$2.tasty
[debug] 	User$.tasty
[debug] 	Order$.tasty
[debug] 	User$$anon$4.tasty
[debug] 	Order.tasty
[debug] 	User$$anon$1.tasty
[debug] 	User$$anon$3.tasty
[debug] 	User.tasty
[debug] Invalidating (transitively) by inheritance from model.User...
[debug] Initial set of included nodes: model.User
[debug] Invalidated by transitive inheritance dependency: Set(model.User)
[debug] None of the modified names appears in source file of app.Named3. This dependency is not being considered for invalidation.
[debug] None of the modified names appears in source file of app.Consumer4. This dependency is not being considered for invalidation.
[debug] None of the modified names appears in source file of app.Consumer3. This dependency is not being considered for invalidation.
[debug] None of the modified names appears in source file of app.Named5. This dependency is not being considered for invalidation.
[debug] None of the modified names appears in source file of app.Named2. This dependency is not being considered for invalidation.
[debug] None of the modified names appears in source file of app.Consumer2. This dependency is not being considered for invalidation.
[debug] None of the modified names appears in source file of app.Consumer5. This dependency is not being considered for invalidation.
[debug] None of the modified names appears in source file of app.Named1. This dependency is not being considered for invalidation.
[debug] None of the modified names appears in source file of app.Consumer1. This dependency is not being considered for invalidation.
[debug] None of the modified names appears in source file of app.Named4. This dependency is not being considered for invalidation.
[debug] None of the modified names appears in source file of app.Consumer0. This dependency is not being considered for invalidation.
[debug] None of the modified names appears in source file of app.Named0. This dependency is not being considered for invalidation.
[debug] Change NamesChange(model.User,ModifiedNames(changes = UsedName(copy$default$6,[Default]), UsedName(copy,[Default]), UsedName(model;User;init;,[Default]), UsedName(nickname,[Default]), UsedName(_6,[Default]), UsedName(apply,[Default]))) invalidates 1 classes due to The model.User has the following regular definitions changed:
[debug] 	UsedName(copy$default$6,[Default]), UsedName(copy,[Default]), UsedName(model;User;init;,[Default]), UsedName(nickname,[Default]), UsedName(_6,[Default]), UsedName(apply,[Default]).
[debug]   > by transitive inheritance: Set(model.User)
[debug]   > 
[debug]   > 
[debug]   > 
[debug]         
[debug] New invalidations:
[debug] Initial set of included nodes: 
[debug] Previously invalidated, but (transitively) depend on new invalidations:
[debug] Final step, transitive dependencies:
[debug] 	Set()
[debug] Initial set of included nodes: model.Order, model.User
[debug] Including model.OrderInstances$package by model.Order
[debug] Including app.OrderUse by model.OrderInstances$package
[debug] Including app.Named3 by model.User
[debug] Including app.Consumer4 by model.User
[debug] Including app.Consumer3 by model.User
[debug] Including app.Named5 by model.User
[debug] Including app.Named2 by model.User
[debug] Including app.Consumer2 by model.User
[debug] Including app.Consumer5 by model.User
[debug] Including app.Named1 by model.User
[debug] Including app.Consumer1 by model.User
[debug] Including app.Named4 by model.User
[debug] Including app.Consumer0 by model.User
[debug] Including app.Named0 by model.User
[debug] Invalidated macros due to upstream dependencies change: Set()
[debug] No classes were invalidated.
[debug] Removing the temporary directory used for backing up class files: /private/tmp/eezo-zinc-lab/debug/target/scala-3.8.4/classes.bak
===LAB-TIMED	add_field_r1	189109
edit applied: reset
===LAB-BEGIN	settle_rename_unused_r1
[debug] [zinc] IncrementalCompile -----------
[debug] IncrementalCompile.incrementalCompile
[debug] previous = Stamps for: 68 products, 24 sources, 5 libraries
[debug] current source = Set(${BASE}/src/main/scala/app/Named1.scala, ${BASE}/src/main/scala/app/Unrelated4.scala, ${BASE}/src/main/scala/app/Unrelated5.scala, ${BASE}/src/main/scala/app/Consumer3.scala, ${BASE}/src/main/scala/app/Unrelated6.scala, ${BASE}/src/main/scala/model/User.scala, ${BASE}/src/main/scala/model/Typeclasses.scala, ${BASE}/src/main/scala/app/Consumer0.scala, ${BASE}/src/main/scala/app/Consumer1.scala, ${BASE}/src/main/scala/app/Named2.scala, ${BASE}/src/main/scala/app/Consumer2.scala, ${BASE}/src/main/scala/app/Named4.scala, ${BASE}/src/main/scala/app/OrderUse.scala, ${BASE}/src/main/scala/app/Unrelated0.scala, ${BASE}/src/main/scala/app/Consumer5.scala, ${BASE}/src/main/scala/app/Unrelated7.scala, ${BASE}/src/main/scala/app/Consumer4.scala, ${BASE}/src/main/scala/app/Named3.scala, ${BASE}/src/main/scala/app/Unrelated1.scala, ${BASE}/src/main/scala/app/Unrelated3.scala, ${BASE}/src/main/scala/app/Unrelated2.scala, ${BASE}/src/main/scala/model/OrderInstances.scala, ${BASE}/src/main/scala/app/Named0.scala, ${BASE}/src/main/scala/app/Named5.scala)
[debug] > initialChanges = InitialChanges(Changes(added = Set(), removed = Set(), changed = Set(${BASE}/src/main/scala/model/User.scala), unmodified = ...),Set(),Set(),API Changes: Set())
[debug] 
[debug] Initial source changes:
[debug] 	removed: Set()
[debug] 	added: Set()
[debug] 	modified: Set(${BASE}/src/main/scala/model/User.scala)
[debug] Invalidated products: Set()
[debug] External API changes: API Changes: Set()
[debug] Modified binary dependencies: Set()
[debug] Initial directly invalidated classes: Set(model.Order, model.User)
[debug] Sources indirectly invalidated by:
[debug] 	product: Set()
[debug] 	binary dep: Set()
[debug] 	external source: Set()
[debug] All initially invalidated classes: Set(model.Order, model.User)
[debug] All initially invalidated sources:Set(${BASE}/src/main/scala/model/User.scala)
[debug] Created transactional ClassFileManager with tempDir = /private/tmp/eezo-zinc-lab/debug/target/scala-3.8.4/classes.bak
[debug] Initial set of included nodes: model.Order, model.User
[debug] About to delete class files:
[debug] 	User$$anon$2.class
[debug] 	User$.class
[debug] 	Order$.class
[debug] 	User$$anon$4.class
[debug] 	Order.class
[debug] 	User$$anon$1.class
[debug] 	User$$anon$3.class
[debug] 	User.class
[debug] 	User$$anon$2.tasty
[debug] 	User$.tasty
[debug] 	Order$.tasty
[debug] 	User$$anon$4.tasty
[debug] 	Order.tasty
[debug] 	User$$anon$1.tasty
[debug] 	User$$anon$3.tasty
[debug] 	User.tasty
[debug] We backup class files:
[debug] 	User$$anon$2.class
[debug] 	User$.class
[debug] 	Order$.class
[debug] 	User$$anon$4.class
[debug] 	Order.class
[debug] 	User$$anon$1.class
[debug] 	User$$anon$3.class
[debug] 	User.class
[debug] 	User$$anon$2.tasty
[debug] 	User$.tasty
[debug] 	Order$.tasty
[debug] 	User$$anon$4.tasty
[debug] 	Order.tasty
[debug] 	User$$anon$1.tasty
[debug] 	User$$anon$3.tasty
[debug] 	User.tasty
[debug] compilation cycle 1
[info] compiling 1 Scala source to /private/tmp/eezo-zinc-lab/debug/target/scala-3.8.4/classes ...
[debug] Returning already retrieved and compiled bridge: /Users/rcardin/Library/Caches/Coursier/v1/https/repo1.maven.org/maven2/org/scala-lang/scala3-sbt-bridge/3.8.4/scala3-sbt-bridge-3.8.4.jar.
[debug] [zinc] Running cached compiler 77c5b596 for Scala Compiler version 3.8.4
[debug] [zinc] The Scala compiler is invoked with:
[debug] 	-classpath
[debug] 	/private/tmp/eezo-zinc-lab/debug/target/scala-3.8.4/classes:/Users/rcardin/Library/Caches/Coursier/v1/https/repo1.maven.org/maven2/org/scala-lang/scala3-library_3/3.8.4/scala3-library_3-3.8.4.jar:/Users/rcardin/Library/Caches/Coursier/v1/https/repo1.maven.org/maven2/org/scala-lang/scala-library/3.8.4/scala-library-3.8.4.jar
[debug] Scala compilation took 0.140959625 s
[info] done compiling
[debug] Registering generated classes:
[debug] 	User$$anon$2.class
[debug] 	User$.class
[debug] 	Order$.class
[debug] 	User$$anon$4.class
[debug] 	Order.class
[debug] 	User$$anon$1.class
[debug] 	User$$anon$3.class
[debug] 	User.class
[debug] 	User$$anon$2.tasty
[debug] 	User$.tasty
[debug] 	Order$.tasty
[debug] 	User$$anon$4.tasty
[debug] 	Order.tasty
[debug] 	User$$anon$1.tasty
[debug] 	User$$anon$3.tasty
[debug] 	User.tasty
[debug] Invalidating (transitively) by inheritance from model.User...
[debug] Initial set of included nodes: model.User
[debug] Invalidated by transitive inheritance dependency: Set(model.User)
[debug] None of the modified names appears in source file of app.Named3. This dependency is not being considered for invalidation.
[debug] None of the modified names appears in source file of app.Consumer4. This dependency is not being considered for invalidation.
[debug] None of the modified names appears in source file of app.Consumer3. This dependency is not being considered for invalidation.
[debug] None of the modified names appears in source file of app.Named5. This dependency is not being considered for invalidation.
[debug] None of the modified names appears in source file of app.Named2. This dependency is not being considered for invalidation.
[debug] None of the modified names appears in source file of app.Consumer2. This dependency is not being considered for invalidation.
[debug] None of the modified names appears in source file of app.Consumer5. This dependency is not being considered for invalidation.
[debug] None of the modified names appears in source file of app.Named1. This dependency is not being considered for invalidation.
[debug] None of the modified names appears in source file of app.Consumer1. This dependency is not being considered for invalidation.
[debug] None of the modified names appears in source file of app.Named4. This dependency is not being considered for invalidation.
[debug] None of the modified names appears in source file of app.Consumer0. This dependency is not being considered for invalidation.
[debug] None of the modified names appears in source file of app.Named0. This dependency is not being considered for invalidation.
[debug] Change NamesChange(model.User,ModifiedNames(changes = UsedName(copy$default$6,[Default]), UsedName(copy,[Default]), UsedName(model;User;init;,[Default]), UsedName(nickname,[Default]), UsedName(_6,[Default]), UsedName(apply,[Default]))) invalidates 1 classes due to The model.User has the following regular definitions changed:
[debug] 	UsedName(copy$default$6,[Default]), UsedName(copy,[Default]), UsedName(model;User;init;,[Default]), UsedName(nickname,[Default]), UsedName(_6,[Default]), UsedName(apply,[Default]).
[debug]   > by transitive inheritance: Set(model.User)
[debug]   > 
[debug]   > 
[debug]   > 
[debug]         
[debug] New invalidations:
[debug] Initial set of included nodes: 
[debug] Previously invalidated, but (transitively) depend on new invalidations:
[debug] Final step, transitive dependencies:
[debug] 	Set()
[debug] Initial set of included nodes: model.Order, model.User
[debug] Including model.OrderInstances$package by model.Order
[debug] Including app.OrderUse by model.OrderInstances$package
[debug] Including app.Named3 by model.User
[debug] Including app.Consumer4 by model.User
[debug] Including app.Consumer3 by model.User
[debug] Including app.Named5 by model.User
[debug] Including app.Named2 by model.User
[debug] Including app.Consumer2 by model.User
[debug] Including app.Consumer5 by model.User
[debug] Including app.Named1 by model.User
[debug] Including app.Consumer1 by model.User
[debug] Including app.Named4 by model.User
[debug] Including app.Consumer0 by model.User
[debug] Including app.Named0 by model.User
[debug] Invalidated macros due to upstream dependencies change: Set()
[debug] No classes were invalidated.
[debug] Removing the temporary directory used for backing up class files: /private/tmp/eezo-zinc-lab/debug/target/scala-3.8.4/classes.bak
===LAB-TIMED	settle_rename_unused_r1	174049
edit applied: rename_unused
===LAB-BEGIN	rename_unused_r1
[debug] [zinc] IncrementalCompile -----------
[debug] IncrementalCompile.incrementalCompile
[debug] previous = Stamps for: 68 products, 24 sources, 5 libraries
[debug] current source = Set(${BASE}/src/main/scala/app/Named1.scala, ${BASE}/src/main/scala/app/Unrelated4.scala, ${BASE}/src/main/scala/app/Unrelated5.scala, ${BASE}/src/main/scala/app/Consumer3.scala, ${BASE}/src/main/scala/app/Unrelated6.scala, ${BASE}/src/main/scala/model/User.scala, ${BASE}/src/main/scala/model/Typeclasses.scala, ${BASE}/src/main/scala/app/Consumer0.scala, ${BASE}/src/main/scala/app/Consumer1.scala, ${BASE}/src/main/scala/app/Named2.scala, ${BASE}/src/main/scala/app/Consumer2.scala, ${BASE}/src/main/scala/app/Named4.scala, ${BASE}/src/main/scala/app/OrderUse.scala, ${BASE}/src/main/scala/app/Unrelated0.scala, ${BASE}/src/main/scala/app/Consumer5.scala, ${BASE}/src/main/scala/app/Unrelated7.scala, ${BASE}/src/main/scala/app/Consumer4.scala, ${BASE}/src/main/scala/app/Named3.scala, ${BASE}/src/main/scala/app/Unrelated1.scala, ${BASE}/src/main/scala/app/Unrelated3.scala, ${BASE}/src/main/scala/app/Unrelated2.scala, ${BASE}/src/main/scala/model/OrderInstances.scala, ${BASE}/src/main/scala/app/Named0.scala, ${BASE}/src/main/scala/app/Named5.scala)
[debug] > initialChanges = InitialChanges(Changes(added = Set(), removed = Set(), changed = Set(${BASE}/src/main/scala/model/User.scala), unmodified = ...),Set(),Set(),API Changes: Set())
[debug] 
[debug] Initial source changes:
[debug] 	removed: Set()
[debug] 	added: Set()
[debug] 	modified: Set(${BASE}/src/main/scala/model/User.scala)
[debug] Invalidated products: Set()
[debug] External API changes: API Changes: Set()
[debug] Modified binary dependencies: Set()
[debug] Initial directly invalidated classes: Set(model.Order, model.User)
[debug] Sources indirectly invalidated by:
[debug] 	product: Set()
[debug] 	binary dep: Set()
[debug] 	external source: Set()
[debug] All initially invalidated classes: Set(model.Order, model.User)
[debug] All initially invalidated sources:Set(${BASE}/src/main/scala/model/User.scala)
[debug] Created transactional ClassFileManager with tempDir = /private/tmp/eezo-zinc-lab/debug/target/scala-3.8.4/classes.bak
[debug] Initial set of included nodes: model.Order, model.User
[debug] About to delete class files:
[debug] 	User$$anon$2.class
[debug] 	User$.class
[debug] 	Order$.class
[debug] 	User$$anon$4.class
[debug] 	Order.class
[debug] 	User$$anon$1.class
[debug] 	User$$anon$3.class
[debug] 	User.class
[debug] 	User$$anon$2.tasty
[debug] 	User$.tasty
[debug] 	Order$.tasty
[debug] 	User$$anon$4.tasty
[debug] 	Order.tasty
[debug] 	User$$anon$1.tasty
[debug] 	User$$anon$3.tasty
[debug] 	User.tasty
[debug] We backup class files:
[debug] 	User$$anon$2.class
[debug] 	User$.class
[debug] 	Order$.class
[debug] 	User$$anon$4.class
[debug] 	Order.class
[debug] 	User$$anon$1.class
[debug] 	User$$anon$3.class
[debug] 	User.class
[debug] 	User$$anon$2.tasty
[debug] 	User$.tasty
[debug] 	Order$.tasty
[debug] 	User$$anon$4.tasty
[debug] 	Order.tasty
[debug] 	User$$anon$1.tasty
[debug] 	User$$anon$3.tasty
[debug] 	User.tasty
[debug] compilation cycle 1
[info] compiling 1 Scala source to /private/tmp/eezo-zinc-lab/debug/target/scala-3.8.4/classes ...
[debug] Returning already retrieved and compiled bridge: /Users/rcardin/Library/Caches/Coursier/v1/https/repo1.maven.org/maven2/org/scala-lang/scala3-sbt-bridge/3.8.4/scala3-sbt-bridge-3.8.4.jar.
[debug] [zinc] Running cached compiler 622856dc for Scala Compiler version 3.8.4
[debug] [zinc] The Scala compiler is invoked with:
[debug] 	-classpath
[debug] 	/private/tmp/eezo-zinc-lab/debug/target/scala-3.8.4/classes:/Users/rcardin/Library/Caches/Coursier/v1/https/repo1.maven.org/maven2/org/scala-lang/scala3-library_3/3.8.4/scala3-library_3-3.8.4.jar:/Users/rcardin/Library/Caches/Coursier/v1/https/repo1.maven.org/maven2/org/scala-lang/scala-library/3.8.4/scala-library-3.8.4.jar
[debug] Scala compilation took 0.132410459 s
[info] done compiling
[debug] Registering generated classes:
[debug] 	User$$anon$2.class
[debug] 	User$.class
[debug] 	Order$.class
[debug] 	User$$anon$4.class
[debug] 	Order.class
[debug] 	User$$anon$1.class
[debug] 	User$$anon$3.class
[debug] 	User.class
[debug] 	User$$anon$2.tasty
[debug] 	User$.tasty
[debug] 	Order$.tasty
[debug] 	User$$anon$4.tasty
[debug] 	Order.tasty
[debug] 	User$$anon$1.tasty
[debug] 	User$$anon$3.tasty
[debug] 	User.tasty
[debug] Invalidating (transitively) by inheritance from model.User...
[debug] Initial set of included nodes: model.User
[debug] Invalidated by transitive inheritance dependency: Set(model.User)
[debug] None of the modified names appears in source file of app.Named3. This dependency is not being considered for invalidation.
[debug] None of the modified names appears in source file of app.Consumer4. This dependency is not being considered for invalidation.
[debug] None of the modified names appears in source file of app.Consumer3. This dependency is not being considered for invalidation.
[debug] None of the modified names appears in source file of app.Named5. This dependency is not being considered for invalidation.
[debug] None of the modified names appears in source file of app.Named2. This dependency is not being considered for invalidation.
[debug] None of the modified names appears in source file of app.Consumer2. This dependency is not being considered for invalidation.
[debug] None of the modified names appears in source file of app.Consumer5. This dependency is not being considered for invalidation.
[debug] None of the modified names appears in source file of app.Named1. This dependency is not being considered for invalidation.
[debug] None of the modified names appears in source file of app.Consumer1. This dependency is not being considered for invalidation.
[debug] None of the modified names appears in source file of app.Named4. This dependency is not being considered for invalidation.
[debug] None of the modified names appears in source file of app.Consumer0. This dependency is not being considered for invalidation.
[debug] None of the modified names appears in source file of app.Named0. This dependency is not being considered for invalidation.
[debug] Change NamesChange(model.User,ModifiedNames(changes = UsedName(copy,[Default]), UsedName(model;User;init;,[Default]), UsedName(apply,[Default]), UsedName(active,[Default]), UsedName(enabled,[Default]))) invalidates 1 classes due to The model.User has the following regular definitions changed:
[debug] 	UsedName(copy,[Default]), UsedName(model;User;init;,[Default]), UsedName(apply,[Default]), UsedName(active,[Default]), UsedName(enabled,[Default]).
[debug]   > by transitive inheritance: Set(model.User)
[debug]   > 
[debug]   > 
[debug]   > 
[debug]         
[debug] New invalidations:
[debug] Initial set of included nodes: 
[debug] Previously invalidated, but (transitively) depend on new invalidations:
[debug] Final step, transitive dependencies:
[debug] 	Set()
[debug] Initial set of included nodes: model.Order, model.User
[debug] Including model.OrderInstances$package by model.Order
[debug] Including app.OrderUse by model.OrderInstances$package
[debug] Including app.Named3 by model.User
[debug] Including app.Consumer4 by model.User
[debug] Including app.Consumer3 by model.User
[debug] Including app.Named5 by model.User
[debug] Including app.Named2 by model.User
[debug] Including app.Consumer2 by model.User
[debug] Including app.Consumer5 by model.User
[debug] Including app.Named1 by model.User
[debug] Including app.Consumer1 by model.User
[debug] Including app.Named4 by model.User
[debug] Including app.Consumer0 by model.User
[debug] Including app.Named0 by model.User
[debug] Invalidated macros due to upstream dependencies change: Set()
[debug] No classes were invalidated.
[debug] Removing the temporary directory used for backing up class files: /private/tmp/eezo-zinc-lab/debug/target/scala-3.8.4/classes.bak
===LAB-TIMED	rename_unused_r1	166098
edit applied: reset
===LAB-BEGIN	settle_rename_used_r1
[debug] [zinc] IncrementalCompile -----------
[debug] IncrementalCompile.incrementalCompile
[debug] previous = Stamps for: 68 products, 24 sources, 5 libraries
[debug] current source = Set(${BASE}/src/main/scala/app/Named1.scala, ${BASE}/src/main/scala/app/Unrelated4.scala, ${BASE}/src/main/scala/app/Unrelated5.scala, ${BASE}/src/main/scala/app/Consumer3.scala, ${BASE}/src/main/scala/app/Unrelated6.scala, ${BASE}/src/main/scala/model/User.scala, ${BASE}/src/main/scala/model/Typeclasses.scala, ${BASE}/src/main/scala/app/Consumer0.scala, ${BASE}/src/main/scala/app/Consumer1.scala, ${BASE}/src/main/scala/app/Named2.scala, ${BASE}/src/main/scala/app/Consumer2.scala, ${BASE}/src/main/scala/app/Named4.scala, ${BASE}/src/main/scala/app/OrderUse.scala, ${BASE}/src/main/scala/app/Unrelated0.scala, ${BASE}/src/main/scala/app/Consumer5.scala, ${BASE}/src/main/scala/app/Unrelated7.scala, ${BASE}/src/main/scala/app/Consumer4.scala, ${BASE}/src/main/scala/app/Named3.scala, ${BASE}/src/main/scala/app/Unrelated1.scala, ${BASE}/src/main/scala/app/Unrelated3.scala, ${BASE}/src/main/scala/app/Unrelated2.scala, ${BASE}/src/main/scala/model/OrderInstances.scala, ${BASE}/src/main/scala/app/Named0.scala, ${BASE}/src/main/scala/app/Named5.scala)
[debug] > initialChanges = InitialChanges(Changes(added = Set(), removed = Set(), changed = Set(${BASE}/src/main/scala/model/User.scala), unmodified = ...),Set(),Set(),API Changes: Set())
[debug] 
[debug] Initial source changes:
[debug] 	removed: Set()
[debug] 	added: Set()
[debug] 	modified: Set(${BASE}/src/main/scala/model/User.scala)
[debug] Invalidated products: Set()
[debug] External API changes: API Changes: Set()
[debug] Modified binary dependencies: Set()
[debug] Initial directly invalidated classes: Set(model.Order, model.User)
[debug] Sources indirectly invalidated by:
[debug] 	product: Set()
[debug] 	binary dep: Set()
[debug] 	external source: Set()
[debug] All initially invalidated classes: Set(model.Order, model.User)
[debug] All initially invalidated sources:Set(${BASE}/src/main/scala/model/User.scala)
[debug] Created transactional ClassFileManager with tempDir = /private/tmp/eezo-zinc-lab/debug/target/scala-3.8.4/classes.bak
[debug] Initial set of included nodes: model.Order, model.User
[debug] About to delete class files:
[debug] 	User$$anon$2.class
[debug] 	User$.class
[debug] 	Order$.class
[debug] 	User$$anon$4.class
[debug] 	Order.class
[debug] 	User$$anon$1.class
[debug] 	User$$anon$3.class
[debug] 	User.class
[debug] 	User$$anon$2.tasty
[debug] 	User$.tasty
[debug] 	Order$.tasty
[debug] 	User$$anon$4.tasty
[debug] 	Order.tasty
[debug] 	User$$anon$1.tasty
[debug] 	User$$anon$3.tasty
[debug] 	User.tasty
[debug] We backup class files:
[debug] 	User$$anon$2.class
[debug] 	User$.class
[debug] 	Order$.class
[debug] 	User$$anon$4.class
[debug] 	Order.class
[debug] 	User$$anon$1.class
[debug] 	User$$anon$3.class
[debug] 	User.class
[debug] 	User$$anon$2.tasty
[debug] 	User$.tasty
[debug] 	Order$.tasty
[debug] 	User$$anon$4.tasty
[debug] 	Order.tasty
[debug] 	User$$anon$1.tasty
[debug] 	User$$anon$3.tasty
[debug] 	User.tasty
[debug] compilation cycle 1
[info] compiling 1 Scala source to /private/tmp/eezo-zinc-lab/debug/target/scala-3.8.4/classes ...
[debug] Returning already retrieved and compiled bridge: /Users/rcardin/Library/Caches/Coursier/v1/https/repo1.maven.org/maven2/org/scala-lang/scala3-sbt-bridge/3.8.4/scala3-sbt-bridge-3.8.4.jar.
[debug] [zinc] Running cached compiler 2ab2a2e8 for Scala Compiler version 3.8.4
[debug] [zinc] The Scala compiler is invoked with:
[debug] 	-classpath
[debug] 	/private/tmp/eezo-zinc-lab/debug/target/scala-3.8.4/classes:/Users/rcardin/Library/Caches/Coursier/v1/https/repo1.maven.org/maven2/org/scala-lang/scala3-library_3/3.8.4/scala3-library_3-3.8.4.jar:/Users/rcardin/Library/Caches/Coursier/v1/https/repo1.maven.org/maven2/org/scala-lang/scala-library/3.8.4/scala-library-3.8.4.jar
[debug] Scala compilation took 0.125053 s
[info] done compiling
[debug] Registering generated classes:
[debug] 	User$$anon$2.class
[debug] 	User$.class
[debug] 	Order$.class
[debug] 	User$$anon$4.class
[debug] 	Order.class
[debug] 	User$$anon$1.class
[debug] 	User$$anon$3.class
[debug] 	User.class
[debug] 	User$$anon$2.tasty
[debug] 	User$.tasty
[debug] 	Order$.tasty
[debug] 	User$$anon$4.tasty
[debug] 	Order.tasty
[debug] 	User$$anon$1.tasty
[debug] 	User$$anon$3.tasty
[debug] 	User.tasty
[debug] Invalidating (transitively) by inheritance from model.User...
[debug] Initial set of included nodes: model.User
[debug] Invalidated by transitive inheritance dependency: Set(model.User)
[debug] None of the modified names appears in source file of app.Named3. This dependency is not being considered for invalidation.
[debug] None of the modified names appears in source file of app.Consumer4. This dependency is not being considered for invalidation.
[debug] None of the modified names appears in source file of app.Consumer3. This dependency is not being considered for invalidation.
[debug] None of the modified names appears in source file of app.Named5. This dependency is not being considered for invalidation.
[debug] None of the modified names appears in source file of app.Named2. This dependency is not being considered for invalidation.
[debug] None of the modified names appears in source file of app.Consumer2. This dependency is not being considered for invalidation.
[debug] None of the modified names appears in source file of app.Consumer5. This dependency is not being considered for invalidation.
[debug] None of the modified names appears in source file of app.Named1. This dependency is not being considered for invalidation.
[debug] None of the modified names appears in source file of app.Consumer1. This dependency is not being considered for invalidation.
[debug] None of the modified names appears in source file of app.Named4. This dependency is not being considered for invalidation.
[debug] None of the modified names appears in source file of app.Consumer0. This dependency is not being considered for invalidation.
[debug] None of the modified names appears in source file of app.Named0. This dependency is not being considered for invalidation.
[debug] Change NamesChange(model.User,ModifiedNames(changes = UsedName(copy,[Default]), UsedName(model;User;init;,[Default]), UsedName(apply,[Default]), UsedName(active,[Default]), UsedName(enabled,[Default]))) invalidates 1 classes due to The model.User has the following regular definitions changed:
[debug] 	UsedName(copy,[Default]), UsedName(model;User;init;,[Default]), UsedName(apply,[Default]), UsedName(active,[Default]), UsedName(enabled,[Default]).
[debug]   > by transitive inheritance: Set(model.User)
[debug]   > 
[debug]   > 
[debug]   > 
[debug]         
[debug] New invalidations:
[debug] Initial set of included nodes: 
[debug] Previously invalidated, but (transitively) depend on new invalidations:
[debug] Final step, transitive dependencies:
[debug] 	Set()
[debug] Initial set of included nodes: model.Order, model.User
[debug] Including model.OrderInstances$package by model.Order
[debug] Including app.OrderUse by model.OrderInstances$package
[debug] Including app.Named3 by model.User
[debug] Including app.Consumer4 by model.User
[debug] Including app.Consumer3 by model.User
[debug] Including app.Named5 by model.User
[debug] Including app.Named2 by model.User
[debug] Including app.Consumer2 by model.User
[debug] Including app.Consumer5 by model.User
[debug] Including app.Named1 by model.User
[debug] Including app.Consumer1 by model.User
[debug] Including app.Named4 by model.User
[debug] Including app.Consumer0 by model.User
[debug] Including app.Named0 by model.User
[debug] Invalidated macros due to upstream dependencies change: Set()
[debug] No classes were invalidated.
[debug] Removing the temporary directory used for backing up class files: /private/tmp/eezo-zinc-lab/debug/target/scala-3.8.4/classes.bak
===LAB-TIMED	settle_rename_used_r1	159434
edit applied: rename_used
===LAB-BEGIN	rename_used_r1
[debug] [zinc] IncrementalCompile -----------
[debug] IncrementalCompile.incrementalCompile
[debug] previous = Stamps for: 68 products, 24 sources, 5 libraries
[debug] current source = Set(${BASE}/src/main/scala/app/Named1.scala, ${BASE}/src/main/scala/app/Unrelated4.scala, ${BASE}/src/main/scala/app/Unrelated5.scala, ${BASE}/src/main/scala/app/Consumer3.scala, ${BASE}/src/main/scala/app/Unrelated6.scala, ${BASE}/src/main/scala/model/User.scala, ${BASE}/src/main/scala/model/Typeclasses.scala, ${BASE}/src/main/scala/app/Consumer0.scala, ${BASE}/src/main/scala/app/Consumer1.scala, ${BASE}/src/main/scala/app/Named2.scala, ${BASE}/src/main/scala/app/Consumer2.scala, ${BASE}/src/main/scala/app/Named4.scala, ${BASE}/src/main/scala/app/OrderUse.scala, ${BASE}/src/main/scala/app/Unrelated0.scala, ${BASE}/src/main/scala/app/Consumer5.scala, ${BASE}/src/main/scala/app/Unrelated7.scala, ${BASE}/src/main/scala/app/Consumer4.scala, ${BASE}/src/main/scala/app/Named3.scala, ${BASE}/src/main/scala/app/Unrelated1.scala, ${BASE}/src/main/scala/app/Unrelated3.scala, ${BASE}/src/main/scala/app/Unrelated2.scala, ${BASE}/src/main/scala/model/OrderInstances.scala, ${BASE}/src/main/scala/app/Named0.scala, ${BASE}/src/main/scala/app/Named5.scala)
[debug] > initialChanges = InitialChanges(Changes(added = Set(), removed = Set(), changed = Set(${BASE}/src/main/scala/app/Named4.scala, ${BASE}/src/main/scala/app/Named2.scala, ${BASE}/src/main/scala/app/Named0.scala, ${BASE}/src/main/scala/model/User.scala, ${BASE}/src/main/scala/app/Named5.scala, ${BASE}/src/main/scala/app/Named1.scala, ${BASE}/src/main/scala/app/Named3.scala), unmodified = ...),Set(),Set(),API Changes: Set())
[debug] 
[debug] Initial source changes:
[debug] 	removed: Set()
[debug] 	added: Set()
[debug] 	modified: Set(${BASE}/src/main/scala/app/Named1.scala, ${BASE}/src/main/scala/model/User.scala, ${BASE}/src/main/scala/app/Named2.scala, ${BASE}/src/main/scala/app/Named4.scala, ${BASE}/src/main/scala/app/Named3.scala, ${BASE}/src/main/scala/app/Named0.scala, ${BASE}/src/main/scala/app/Named5.scala)
[debug] Invalidated products: Set()
[debug] External API changes: API Changes: Set()
[debug] Modified binary dependencies: Set()
[debug] Initial directly invalidated classes: Set(app.Named3, app.Named5, model.Order, app.Named2, app.Named1, app.Named4, app.Named0, model.User)
[debug] Sources indirectly invalidated by:
[debug] 	product: Set()
[debug] 	binary dep: Set()
[debug] 	external source: Set()
[debug] All initially invalidated classes: Set(app.Named3, app.Named5, model.Order, app.Named2, app.Named1, app.Named4, app.Named0, model.User)
[debug] All initially invalidated sources:Set(${BASE}/src/main/scala/app/Named1.scala, ${BASE}/src/main/scala/model/User.scala, ${BASE}/src/main/scala/app/Named2.scala, ${BASE}/src/main/scala/app/Named4.scala, ${BASE}/src/main/scala/app/Named3.scala, ${BASE}/src/main/scala/app/Named0.scala, ${BASE}/src/main/scala/app/Named5.scala)
[debug] Created transactional ClassFileManager with tempDir = /private/tmp/eezo-zinc-lab/debug/target/scala-3.8.4/classes.bak
[debug] Initial set of included nodes: app.Named3, app.Named5, model.Order, app.Named2, app.Named1, app.Named4, app.Named0, model.User
[debug] About to delete class files:
[debug] 	User$$anon$2.class
[debug] 	Named2.class
[debug] 	Named1$.class
[debug] 	User$.class
[debug] 	Named3$.class
[debug] 	Order$.class
[debug] 	User$$anon$4.class
[debug] 	Order.class
[debug] 	Named0.class
[debug] 	Named4.class
[debug] 	User$$anon$1.class
[debug] 	Named3.class
[debug] 	Named2$.class
[debug] 	Named0$.class
[debug] 	User$$anon$3.class
[debug] 	Named5.class
[debug] 	Named5$.class
[debug] 	Named4$.class
[debug] 	Named1.class
[debug] 	User.class
[debug] 	User$$anon$2.tasty
[debug] 	Named2.tasty
[debug] 	Named1$.tasty
[debug] 	User$.tasty
[debug] 	Named3$.tasty
[debug] 	Order$.tasty
[debug] 	User$$anon$4.tasty
[debug] 	Order.tasty
[debug] 	Named0.tasty
[debug] 	Named4.tasty
[debug] 	User$$anon$1.tasty
[debug] 	Named3.tasty
[debug] 	Named2$.tasty
[debug] 	Named0$.tasty
[debug] 	User$$anon$3.tasty
[debug] 	Named5.tasty
[debug] 	Named5$.tasty
[debug] 	Named4$.tasty
[debug] 	Named1.tasty
[debug] 	User.tasty
[debug] We backup class files:
[debug] 	User$$anon$2.class
[debug] 	Named2.class
[debug] 	Named1$.class
[debug] 	User$.class
[debug] 	Named3$.class
[debug] 	Order$.class
[debug] 	User$$anon$4.class
[debug] 	Order.class
[debug] 	Named0.class
[debug] 	Named4.class
[debug] 	User$$anon$1.class
[debug] 	Named3.class
[debug] 	Named2$.class
[debug] 	Named0$.class
[debug] 	User$$anon$3.class
[debug] 	Named5.class
[debug] 	Named5$.class
[debug] 	Named4$.class
[debug] 	Named1.class
[debug] 	User.class
[debug] 	User$$anon$2.tasty
[debug] 	Named2.tasty
[debug] 	Named1$.tasty
[debug] 	User$.tasty
[debug] 	Named3$.tasty
[debug] 	Order$.tasty
[debug] 	User$$anon$4.tasty
[debug] 	Order.tasty
[debug] 	Named0.tasty
[debug] 	Named4.tasty
[debug] 	User$$anon$1.tasty
[debug] 	Named3.tasty
[debug] 	Named2$.tasty
[debug] 	Named0$.tasty
[debug] 	User$$anon$3.tasty
[debug] 	Named5.tasty
[debug] 	Named5$.tasty
[debug] 	Named4$.tasty
[debug] 	Named1.tasty
[debug] 	User.tasty
[debug] compilation cycle 1
[info] compiling 7 Scala sources to /private/tmp/eezo-zinc-lab/debug/target/scala-3.8.4/classes ...
[debug] Returning already retrieved and compiled bridge: /Users/rcardin/Library/Caches/Coursier/v1/https/repo1.maven.org/maven2/org/scala-lang/scala3-sbt-bridge/3.8.4/scala3-sbt-bridge-3.8.4.jar.
[debug] [zinc] Running cached compiler 1641b185 for Scala Compiler version 3.8.4
[debug] [zinc] The Scala compiler is invoked with:
[debug] 	-classpath
[debug] 	/private/tmp/eezo-zinc-lab/debug/target/scala-3.8.4/classes:/Users/rcardin/Library/Caches/Coursier/v1/https/repo1.maven.org/maven2/org/scala-lang/scala3-library_3/3.8.4/scala3-library_3-3.8.4.jar:/Users/rcardin/Library/Caches/Coursier/v1/https/repo1.maven.org/maven2/org/scala-lang/scala-library/3.8.4/scala-library-3.8.4.jar
[debug] Scala compilation took 0.137711959 s
[info] done compiling
[debug] Registering generated classes:
[debug] 	User$$anon$2.class
[debug] 	Named2.class
[debug] 	Named1$.class
[debug] 	User$.class
[debug] 	Named3$.class
[debug] 	Order$.class
[debug] 	User$$anon$4.class
[debug] 	Order.class
[debug] 	Named0.class
[debug] 	Named4.class
[debug] 	User$$anon$1.class
[debug] 	Named3.class
[debug] 	Named2$.class
[debug] 	Named0$.class
[debug] 	User$$anon$3.class
[debug] 	Named5.class
[debug] 	Named5$.class
[debug] 	Named4$.class
[debug] 	Named1.class
[debug] 	User.class
[debug] 	User$$anon$2.tasty
[debug] 	Named2.tasty
[debug] 	Named1$.tasty
[debug] 	User$.tasty
[debug] 	Named3$.tasty
[debug] 	Order$.tasty
[debug] 	User$$anon$4.tasty
[debug] 	Order.tasty
[debug] 	Named0.tasty
[debug] 	Named4.tasty
[debug] 	User$$anon$1.tasty
[debug] 	Named3.tasty
[debug] 	Named2$.tasty
[debug] 	Named0$.tasty
[debug] 	User$$anon$3.tasty
[debug] 	Named5.tasty
[debug] 	Named5$.tasty
[debug] 	Named4$.tasty
[debug] 	Named1.tasty
[debug] 	User.tasty
[debug] Invalidating (transitively) by inheritance from model.User...
[debug] Initial set of included nodes: model.User
[debug] Invalidated by transitive inheritance dependency: Set(model.User)
[debug] The following modified names cause invalidation of app.Named3: [UsedName(fullName,[Default])]
[debug] None of the modified names appears in source file of app.Consumer4. This dependency is not being considered for invalidation.
[debug] None of the modified names appears in source file of app.Consumer3. This dependency is not being considered for invalidation.
[debug] The following modified names cause invalidation of app.Named5: [UsedName(fullName,[Default])]
[debug] The following modified names cause invalidation of app.Named2: [UsedName(fullName,[Default])]
[debug] None of the modified names appears in source file of app.Consumer2. This dependency is not being considered for invalidation.
[debug] None of the modified names appears in source file of app.Consumer5. This dependency is not being considered for invalidation.
[debug] The following modified names cause invalidation of app.Named1: [UsedName(fullName,[Default])]
[debug] None of the modified names appears in source file of app.Consumer1. This dependency is not being considered for invalidation.
[debug] The following modified names cause invalidation of app.Named4: [UsedName(fullName,[Default])]
[debug] None of the modified names appears in source file of app.Consumer0. This dependency is not being considered for invalidation.
[debug] The following modified names cause invalidation of app.Named0: [UsedName(fullName,[Default])]
[debug] Change NamesChange(model.User,ModifiedNames(changes = UsedName(copy,[Default]), UsedName(model;User;init;,[Default]), UsedName(fullName,[Default]), UsedName(apply,[Default]), UsedName(name,[Default]))) invalidates 7 classes due to The model.User has the following regular definitions changed:
[debug] 	UsedName(copy,[Default]), UsedName(model;User;init;,[Default]), UsedName(fullName,[Default]), UsedName(apply,[Default]), UsedName(name,[Default]).
[debug]   > by transitive inheritance: Set(model.User)
[debug]   > 
[debug]   > by member reference: Set(app.Named3, app.Named5, app.Named2, app.Named1, app.Named4, app.Named0)
[debug]   > 
[debug]         
[debug] New invalidations:
[debug] 	app.Named3
[debug] 	app.Named5
[debug] 	app.Named2
[debug] 	app.Named1
[debug] 	app.Named4
[debug] 	app.Named0
[debug] Initial set of included nodes: app.Named3, app.Named5, app.Named2, app.Named1, app.Named4, app.Named0
[debug] Previously invalidated, but (transitively) depend on new invalidations:
[debug] Final step, transitive dependencies:
[debug] 	Set(app.Named3, app.Named5, app.Named2, app.Named1, app.Named4, app.Named0)
[debug] Initial set of included nodes: app.Named3, app.Named5, model.Order, app.Named2, app.Named1, app.Named4, app.Named0, model.User
[debug] Including model.OrderInstances$package by model.Order
[debug] Including app.OrderUse by model.OrderInstances$package
[debug] Including app.Consumer4 by model.User
[debug] Including app.Consumer3 by model.User
[debug] Including app.Consumer2 by model.User
[debug] Including app.Consumer5 by model.User
[debug] Including app.Consumer1 by model.User
[debug] Including app.Consumer0 by model.User
[debug] Invalidated macros due to upstream dependencies change: Set()
[debug] No classes were invalidated.
[debug] Removing the temporary directory used for backing up class files: /private/tmp/eezo-zinc-lab/debug/target/scala-3.8.4/classes.bak
===LAB-TIMED	rename_used_r1	183620
edit applied: reset
===LAB-BEGIN	settle_field_type_r1
[debug] [zinc] IncrementalCompile -----------
[debug] IncrementalCompile.incrementalCompile
[debug] previous = Stamps for: 68 products, 24 sources, 5 libraries
[debug] current source = Set(${BASE}/src/main/scala/app/Named1.scala, ${BASE}/src/main/scala/app/Unrelated4.scala, ${BASE}/src/main/scala/app/Unrelated5.scala, ${BASE}/src/main/scala/app/Consumer3.scala, ${BASE}/src/main/scala/app/Unrelated6.scala, ${BASE}/src/main/scala/model/User.scala, ${BASE}/src/main/scala/model/Typeclasses.scala, ${BASE}/src/main/scala/app/Consumer0.scala, ${BASE}/src/main/scala/app/Consumer1.scala, ${BASE}/src/main/scala/app/Named2.scala, ${BASE}/src/main/scala/app/Consumer2.scala, ${BASE}/src/main/scala/app/Named4.scala, ${BASE}/src/main/scala/app/OrderUse.scala, ${BASE}/src/main/scala/app/Unrelated0.scala, ${BASE}/src/main/scala/app/Consumer5.scala, ${BASE}/src/main/scala/app/Unrelated7.scala, ${BASE}/src/main/scala/app/Consumer4.scala, ${BASE}/src/main/scala/app/Named3.scala, ${BASE}/src/main/scala/app/Unrelated1.scala, ${BASE}/src/main/scala/app/Unrelated3.scala, ${BASE}/src/main/scala/app/Unrelated2.scala, ${BASE}/src/main/scala/model/OrderInstances.scala, ${BASE}/src/main/scala/app/Named0.scala, ${BASE}/src/main/scala/app/Named5.scala)
[debug] > initialChanges = InitialChanges(Changes(added = Set(), removed = Set(), changed = Set(${BASE}/src/main/scala/app/Named4.scala, ${BASE}/src/main/scala/app/Named2.scala, ${BASE}/src/main/scala/app/Named0.scala, ${BASE}/src/main/scala/model/User.scala, ${BASE}/src/main/scala/app/Named5.scala, ${BASE}/src/main/scala/app/Named1.scala, ${BASE}/src/main/scala/app/Named3.scala), unmodified = ...),Set(),Set(),API Changes: Set())
[debug] 
[debug] Initial source changes:
[debug] 	removed: Set()
[debug] 	added: Set()
[debug] 	modified: Set(${BASE}/src/main/scala/app/Named1.scala, ${BASE}/src/main/scala/model/User.scala, ${BASE}/src/main/scala/app/Named2.scala, ${BASE}/src/main/scala/app/Named4.scala, ${BASE}/src/main/scala/app/Named3.scala, ${BASE}/src/main/scala/app/Named0.scala, ${BASE}/src/main/scala/app/Named5.scala)
[debug] Invalidated products: Set()
[debug] External API changes: API Changes: Set()
[debug] Modified binary dependencies: Set()
[debug] Initial directly invalidated classes: Set(app.Named3, app.Named5, model.Order, app.Named2, app.Named1, app.Named4, app.Named0, model.User)
[debug] Sources indirectly invalidated by:
[debug] 	product: Set()
[debug] 	binary dep: Set()
[debug] 	external source: Set()
[debug] All initially invalidated classes: Set(app.Named3, app.Named5, model.Order, app.Named2, app.Named1, app.Named4, app.Named0, model.User)
[debug] All initially invalidated sources:Set(${BASE}/src/main/scala/app/Named1.scala, ${BASE}/src/main/scala/model/User.scala, ${BASE}/src/main/scala/app/Named2.scala, ${BASE}/src/main/scala/app/Named4.scala, ${BASE}/src/main/scala/app/Named3.scala, ${BASE}/src/main/scala/app/Named0.scala, ${BASE}/src/main/scala/app/Named5.scala)
[debug] Created transactional ClassFileManager with tempDir = /private/tmp/eezo-zinc-lab/debug/target/scala-3.8.4/classes.bak
[debug] Initial set of included nodes: app.Named3, app.Named5, model.Order, app.Named2, app.Named1, app.Named4, app.Named0, model.User
[debug] About to delete class files:
[debug] 	User$$anon$2.class
[debug] 	Named2.class
[debug] 	Named1$.class
[debug] 	User$.class
[debug] 	Named3$.class
[debug] 	Order$.class
[debug] 	User$$anon$4.class
[debug] 	Order.class
[debug] 	Named0.class
[debug] 	Named4.class
[debug] 	User$$anon$1.class
[debug] 	Named3.class
[debug] 	Named2$.class
[debug] 	Named0$.class
[debug] 	User$$anon$3.class
[debug] 	Named5.class
[debug] 	Named5$.class
[debug] 	Named4$.class
[debug] 	Named1.class
[debug] 	User.class
[debug] 	User$$anon$2.tasty
[debug] 	Named2.tasty
[debug] 	Named1$.tasty
[debug] 	User$.tasty
[debug] 	Named3$.tasty
[debug] 	Order$.tasty
[debug] 	User$$anon$4.tasty
[debug] 	Order.tasty
[debug] 	Named0.tasty
[debug] 	Named4.tasty
[debug] 	User$$anon$1.tasty
[debug] 	Named3.tasty
[debug] 	Named2$.tasty
[debug] 	Named0$.tasty
[debug] 	User$$anon$3.tasty
[debug] 	Named5.tasty
[debug] 	Named5$.tasty
[debug] 	Named4$.tasty
[debug] 	Named1.tasty
[debug] 	User.tasty
[debug] We backup class files:
[debug] 	User$$anon$2.class
[debug] 	Named2.class
[debug] 	Named1$.class
[debug] 	User$.class
[debug] 	Named3$.class
[debug] 	Order$.class
[debug] 	User$$anon$4.class
[debug] 	Order.class
[debug] 	Named0.class
[debug] 	Named4.class
[debug] 	User$$anon$1.class
[debug] 	Named3.class
[debug] 	Named2$.class
[debug] 	Named0$.class
[debug] 	User$$anon$3.class
[debug] 	Named5.class
[debug] 	Named5$.class
[debug] 	Named4$.class
[debug] 	Named1.class
[debug] 	User.class
[debug] 	User$$anon$2.tasty
[debug] 	Named2.tasty
[debug] 	Named1$.tasty
[debug] 	User$.tasty
[debug] 	Named3$.tasty
[debug] 	Order$.tasty
[debug] 	User$$anon$4.tasty
[debug] 	Order.tasty
[debug] 	Named0.tasty
[debug] 	Named4.tasty
[debug] 	User$$anon$1.tasty
[debug] 	Named3.tasty
[debug] 	Named2$.tasty
[debug] 	Named0$.tasty
[debug] 	User$$anon$3.tasty
[debug] 	Named5.tasty
[debug] 	Named5$.tasty
[debug] 	Named4$.tasty
[debug] 	Named1.tasty
[debug] 	User.tasty
[debug] compilation cycle 1
[info] compiling 7 Scala sources to /private/tmp/eezo-zinc-lab/debug/target/scala-3.8.4/classes ...
[debug] Returning already retrieved and compiled bridge: /Users/rcardin/Library/Caches/Coursier/v1/https/repo1.maven.org/maven2/org/scala-lang/scala3-sbt-bridge/3.8.4/scala3-sbt-bridge-3.8.4.jar.
[debug] [zinc] Running cached compiler 65042d2d for Scala Compiler version 3.8.4
[debug] [zinc] The Scala compiler is invoked with:
[debug] 	-classpath
[debug] 	/private/tmp/eezo-zinc-lab/debug/target/scala-3.8.4/classes:/Users/rcardin/Library/Caches/Coursier/v1/https/repo1.maven.org/maven2/org/scala-lang/scala3-library_3/3.8.4/scala3-library_3-3.8.4.jar:/Users/rcardin/Library/Caches/Coursier/v1/https/repo1.maven.org/maven2/org/scala-lang/scala-library/3.8.4/scala-library-3.8.4.jar
[debug] Scala compilation took 0.152072833 s
[info] done compiling
[debug] Registering generated classes:
[debug] 	User$$anon$2.class
[debug] 	Named2.class
[debug] 	Named1$.class
[debug] 	User$.class
[debug] 	Named3$.class
[debug] 	Order$.class
[debug] 	User$$anon$4.class
[debug] 	Order.class
[debug] 	Named0.class
[debug] 	Named4.class
[debug] 	User$$anon$1.class
[debug] 	Named3.class
[debug] 	Named2$.class
[debug] 	Named0$.class
[debug] 	User$$anon$3.class
[debug] 	Named5.class
[debug] 	Named5$.class
[debug] 	Named4$.class
[debug] 	Named1.class
[debug] 	User.class
[debug] 	User$$anon$2.tasty
[debug] 	Named2.tasty
[debug] 	Named1$.tasty
[debug] 	User$.tasty
[debug] 	Named3$.tasty
[debug] 	Order$.tasty
[debug] 	User$$anon$4.tasty
[debug] 	Order.tasty
[debug] 	Named0.tasty
[debug] 	Named4.tasty
[debug] 	User$$anon$1.tasty
[debug] 	Named3.tasty
[debug] 	Named2$.tasty
[debug] 	Named0$.tasty
[debug] 	User$$anon$3.tasty
[debug] 	Named5.tasty
[debug] 	Named5$.tasty
[debug] 	Named4$.tasty
[debug] 	Named1.tasty
[debug] 	User.tasty
[debug] Invalidating (transitively) by inheritance from model.User...
[debug] Initial set of included nodes: model.User
[debug] Invalidated by transitive inheritance dependency: Set(model.User)
[debug] The following modified names cause invalidation of app.Named3: [UsedName(name,[Default])]
[debug] None of the modified names appears in source file of app.Consumer4. This dependency is not being considered for invalidation.
[debug] None of the modified names appears in source file of app.Consumer3. This dependency is not being considered for invalidation.
[debug] The following modified names cause invalidation of app.Named5: [UsedName(name,[Default])]
[debug] The following modified names cause invalidation of app.Named2: [UsedName(name,[Default])]
[debug] None of the modified names appears in source file of app.Consumer2. This dependency is not being considered for invalidation.
[debug] None of the modified names appears in source file of app.Consumer5. This dependency is not being considered for invalidation.
[debug] The following modified names cause invalidation of app.Named1: [UsedName(name,[Default])]
[debug] None of the modified names appears in source file of app.Consumer1. This dependency is not being considered for invalidation.
[debug] The following modified names cause invalidation of app.Named4: [UsedName(name,[Default])]
[debug] None of the modified names appears in source file of app.Consumer0. This dependency is not being considered for invalidation.
[debug] The following modified names cause invalidation of app.Named0: [UsedName(name,[Default])]
[debug] Change NamesChange(model.User,ModifiedNames(changes = UsedName(copy,[Default]), UsedName(model;User;init;,[Default]), UsedName(fullName,[Default]), UsedName(apply,[Default]), UsedName(name,[Default]))) invalidates 7 classes due to The model.User has the following regular definitions changed:
[debug] 	UsedName(copy,[Default]), UsedName(model;User;init;,[Default]), UsedName(fullName,[Default]), UsedName(apply,[Default]), UsedName(name,[Default]).
[debug]   > by transitive inheritance: Set(model.User)
[debug]   > 
[debug]   > by member reference: Set(app.Named3, app.Named5, app.Named2, app.Named1, app.Named4, app.Named0)
[debug]   > 
[debug]         
[debug] New invalidations:
[debug] 	app.Named3
[debug] 	app.Named5
[debug] 	app.Named2
[debug] 	app.Named1
[debug] 	app.Named4
[debug] 	app.Named0
[debug] Initial set of included nodes: app.Named3, app.Named5, app.Named2, app.Named1, app.Named4, app.Named0
[debug] Previously invalidated, but (transitively) depend on new invalidations:
[debug] Final step, transitive dependencies:
[debug] 	Set(app.Named3, app.Named5, app.Named2, app.Named1, app.Named4, app.Named0)
[debug] Initial set of included nodes: app.Named3, app.Named5, model.Order, app.Named2, app.Named1, app.Named4, app.Named0, model.User
[debug] Including model.OrderInstances$package by model.Order
[debug] Including app.OrderUse by model.OrderInstances$package
[debug] Including app.Consumer4 by model.User
[debug] Including app.Consumer3 by model.User
[debug] Including app.Consumer2 by model.User
[debug] Including app.Consumer5 by model.User
[debug] Including app.Consumer1 by model.User
[debug] Including app.Consumer0 by model.User
[debug] Invalidated macros due to upstream dependencies change: Set()
[debug] No classes were invalidated.
[debug] Removing the temporary directory used for backing up class files: /private/tmp/eezo-zinc-lab/debug/target/scala-3.8.4/classes.bak
===LAB-TIMED	settle_field_type_r1	195921
edit applied: field_type
===LAB-BEGIN	field_type_r1
[debug] [zinc] IncrementalCompile -----------
[debug] IncrementalCompile.incrementalCompile
[debug] previous = Stamps for: 68 products, 24 sources, 5 libraries
[debug] current source = Set(${BASE}/src/main/scala/app/Named1.scala, ${BASE}/src/main/scala/app/Unrelated4.scala, ${BASE}/src/main/scala/app/Unrelated5.scala, ${BASE}/src/main/scala/app/Consumer3.scala, ${BASE}/src/main/scala/app/Unrelated6.scala, ${BASE}/src/main/scala/model/User.scala, ${BASE}/src/main/scala/model/Typeclasses.scala, ${BASE}/src/main/scala/app/Consumer0.scala, ${BASE}/src/main/scala/app/Consumer1.scala, ${BASE}/src/main/scala/app/Named2.scala, ${BASE}/src/main/scala/app/Consumer2.scala, ${BASE}/src/main/scala/app/Named4.scala, ${BASE}/src/main/scala/app/OrderUse.scala, ${BASE}/src/main/scala/app/Unrelated0.scala, ${BASE}/src/main/scala/app/Consumer5.scala, ${BASE}/src/main/scala/app/Unrelated7.scala, ${BASE}/src/main/scala/app/Consumer4.scala, ${BASE}/src/main/scala/app/Named3.scala, ${BASE}/src/main/scala/app/Unrelated1.scala, ${BASE}/src/main/scala/app/Unrelated3.scala, ${BASE}/src/main/scala/app/Unrelated2.scala, ${BASE}/src/main/scala/model/OrderInstances.scala, ${BASE}/src/main/scala/app/Named0.scala, ${BASE}/src/main/scala/app/Named5.scala)
[debug] > initialChanges = InitialChanges(Changes(added = Set(), removed = Set(), changed = Set(${BASE}/src/main/scala/model/User.scala), unmodified = ...),Set(),Set(),API Changes: Set())
[debug] 
[debug] Initial source changes:
[debug] 	removed: Set()
[debug] 	added: Set()
[debug] 	modified: Set(${BASE}/src/main/scala/model/User.scala)
[debug] Invalidated products: Set()
[debug] External API changes: API Changes: Set()
[debug] Modified binary dependencies: Set()
[debug] Initial directly invalidated classes: Set(model.Order, model.User)
[debug] Sources indirectly invalidated by:
[debug] 	product: Set()
[debug] 	binary dep: Set()
[debug] 	external source: Set()
[debug] All initially invalidated classes: Set(model.Order, model.User)
[debug] All initially invalidated sources:Set(${BASE}/src/main/scala/model/User.scala)
[debug] Created transactional ClassFileManager with tempDir = /private/tmp/eezo-zinc-lab/debug/target/scala-3.8.4/classes.bak
[debug] Initial set of included nodes: model.Order, model.User
[debug] About to delete class files:
[debug] 	User$$anon$2.class
[debug] 	User$.class
[debug] 	Order$.class
[debug] 	User$$anon$4.class
[debug] 	Order.class
[debug] 	User$$anon$1.class
[debug] 	User$$anon$3.class
[debug] 	User.class
[debug] 	User$$anon$2.tasty
[debug] 	User$.tasty
[debug] 	Order$.tasty
[debug] 	User$$anon$4.tasty
[debug] 	Order.tasty
[debug] 	User$$anon$1.tasty
[debug] 	User$$anon$3.tasty
[debug] 	User.tasty
[debug] We backup class files:
[debug] 	User$$anon$2.class
[debug] 	User$.class
[debug] 	Order$.class
[debug] 	User$$anon$4.class
[debug] 	Order.class
[debug] 	User$$anon$1.class
[debug] 	User$$anon$3.class
[debug] 	User.class
[debug] 	User$$anon$2.tasty
[debug] 	User$.tasty
[debug] 	Order$.tasty
[debug] 	User$$anon$4.tasty
[debug] 	Order.tasty
[debug] 	User$$anon$1.tasty
[debug] 	User$$anon$3.tasty
[debug] 	User.tasty
[debug] compilation cycle 1
[info] compiling 1 Scala source to /private/tmp/eezo-zinc-lab/debug/target/scala-3.8.4/classes ...
[debug] Returning already retrieved and compiled bridge: /Users/rcardin/Library/Caches/Coursier/v1/https/repo1.maven.org/maven2/org/scala-lang/scala3-sbt-bridge/3.8.4/scala3-sbt-bridge-3.8.4.jar.
[debug] [zinc] Running cached compiler 6b9f4fac for Scala Compiler version 3.8.4
[debug] [zinc] The Scala compiler is invoked with:
[debug] 	-classpath
[debug] 	/private/tmp/eezo-zinc-lab/debug/target/scala-3.8.4/classes:/Users/rcardin/Library/Caches/Coursier/v1/https/repo1.maven.org/maven2/org/scala-lang/scala3-library_3/3.8.4/scala3-library_3-3.8.4.jar:/Users/rcardin/Library/Caches/Coursier/v1/https/repo1.maven.org/maven2/org/scala-lang/scala-library/3.8.4/scala-library-3.8.4.jar
[debug] Scala compilation took 0.111289458 s
[info] done compiling
[debug] Registering generated classes:
[debug] 	User$$anon$2.class
[debug] 	User$.class
[debug] 	Order$.class
[debug] 	User$$anon$4.class
[debug] 	Order.class
[debug] 	User$$anon$1.class
[debug] 	User$$anon$3.class
[debug] 	User.class
[debug] 	User$$anon$2.tasty
[debug] 	User$.tasty
[debug] 	Order$.tasty
[debug] 	User$$anon$4.tasty
[debug] 	Order.tasty
[debug] 	User$$anon$1.tasty
[debug] 	User$$anon$3.tasty
[debug] 	User.tasty
[debug] Invalidating (transitively) by inheritance from model.User...
[debug] Initial set of included nodes: model.User
[debug] Invalidated by transitive inheritance dependency: Set(model.User)
[debug] None of the modified names appears in source file of app.Named3. This dependency is not being considered for invalidation.
[debug] None of the modified names appears in source file of app.Consumer4. This dependency is not being considered for invalidation.
[debug] None of the modified names appears in source file of app.Consumer3. This dependency is not being considered for invalidation.
[debug] None of the modified names appears in source file of app.Named5. This dependency is not being considered for invalidation.
[debug] None of the modified names appears in source file of app.Named2. This dependency is not being considered for invalidation.
[debug] None of the modified names appears in source file of app.Consumer2. This dependency is not being considered for invalidation.
[debug] None of the modified names appears in source file of app.Consumer5. This dependency is not being considered for invalidation.
[debug] None of the modified names appears in source file of app.Named1. This dependency is not being considered for invalidation.
[debug] None of the modified names appears in source file of app.Consumer1. This dependency is not being considered for invalidation.
[debug] None of the modified names appears in source file of app.Named4. This dependency is not being considered for invalidation.
[debug] None of the modified names appears in source file of app.Consumer0. This dependency is not being considered for invalidation.
[debug] None of the modified names appears in source file of app.Named0. This dependency is not being considered for invalidation.
[debug] Change NamesChange(model.User,ModifiedNames(changes = UsedName(_5,[Default]), UsedName(age,[Default]), UsedName(copy,[Default]), UsedName(model;User;init;,[Default]), UsedName(apply,[Default]), UsedName(copy$default$5,[Default]))) invalidates 1 classes due to The model.User has the following regular definitions changed:
[debug] 	UsedName(_5,[Default]), UsedName(age,[Default]), UsedName(copy,[Default]), UsedName(model;User;init;,[Default]), UsedName(apply,[Default]), UsedName(copy$default$5,[Default]).
[debug]   > by transitive inheritance: Set(model.User)
[debug]   > 
[debug]   > 
[debug]   > 
[debug]         
[debug] New invalidations:
[debug] Initial set of included nodes: 
[debug] Previously invalidated, but (transitively) depend on new invalidations:
[debug] Final step, transitive dependencies:
[debug] 	Set()
[debug] Initial set of included nodes: model.Order, model.User
[debug] Including model.OrderInstances$package by model.Order
[debug] Including app.OrderUse by model.OrderInstances$package
[debug] Including app.Named3 by model.User
[debug] Including app.Consumer4 by model.User
[debug] Including app.Consumer3 by model.User
[debug] Including app.Named5 by model.User
[debug] Including app.Named2 by model.User
[debug] Including app.Consumer2 by model.User
[debug] Including app.Consumer5 by model.User
[debug] Including app.Named1 by model.User
[debug] Including app.Consumer1 by model.User
[debug] Including app.Named4 by model.User
[debug] Including app.Consumer0 by model.User
[debug] Including app.Named0 by model.User
[debug] Invalidated macros due to upstream dependencies change: Set()
[debug] No classes were invalidated.
[debug] Removing the temporary directory used for backing up class files: /private/tmp/eezo-zinc-lab/debug/target/scala-3.8.4/classes.bak
===LAB-TIMED	field_type_r1	143977
edit applied: reset
===LAB-BEGIN	settle_add_derive_r1
[debug] [zinc] IncrementalCompile -----------
[debug] IncrementalCompile.incrementalCompile
[debug] previous = Stamps for: 68 products, 24 sources, 5 libraries
[debug] current source = Set(${BASE}/src/main/scala/app/Named1.scala, ${BASE}/src/main/scala/app/Unrelated4.scala, ${BASE}/src/main/scala/app/Unrelated5.scala, ${BASE}/src/main/scala/app/Consumer3.scala, ${BASE}/src/main/scala/app/Unrelated6.scala, ${BASE}/src/main/scala/model/User.scala, ${BASE}/src/main/scala/model/Typeclasses.scala, ${BASE}/src/main/scala/app/Consumer0.scala, ${BASE}/src/main/scala/app/Consumer1.scala, ${BASE}/src/main/scala/app/Named2.scala, ${BASE}/src/main/scala/app/Consumer2.scala, ${BASE}/src/main/scala/app/Named4.scala, ${BASE}/src/main/scala/app/OrderUse.scala, ${BASE}/src/main/scala/app/Unrelated0.scala, ${BASE}/src/main/scala/app/Consumer5.scala, ${BASE}/src/main/scala/app/Unrelated7.scala, ${BASE}/src/main/scala/app/Consumer4.scala, ${BASE}/src/main/scala/app/Named3.scala, ${BASE}/src/main/scala/app/Unrelated1.scala, ${BASE}/src/main/scala/app/Unrelated3.scala, ${BASE}/src/main/scala/app/Unrelated2.scala, ${BASE}/src/main/scala/model/OrderInstances.scala, ${BASE}/src/main/scala/app/Named0.scala, ${BASE}/src/main/scala/app/Named5.scala)
[debug] > initialChanges = InitialChanges(Changes(added = Set(), removed = Set(), changed = Set(${BASE}/src/main/scala/model/User.scala), unmodified = ...),Set(),Set(),API Changes: Set())
[debug] 
[debug] Initial source changes:
[debug] 	removed: Set()
[debug] 	added: Set()
[debug] 	modified: Set(${BASE}/src/main/scala/model/User.scala)
[debug] Invalidated products: Set()
[debug] External API changes: API Changes: Set()
[debug] Modified binary dependencies: Set()
[debug] Initial directly invalidated classes: Set(model.Order, model.User)
[debug] Sources indirectly invalidated by:
[debug] 	product: Set()
[debug] 	binary dep: Set()
[debug] 	external source: Set()
[debug] All initially invalidated classes: Set(model.Order, model.User)
[debug] All initially invalidated sources:Set(${BASE}/src/main/scala/model/User.scala)
[debug] Created transactional ClassFileManager with tempDir = /private/tmp/eezo-zinc-lab/debug/target/scala-3.8.4/classes.bak
[debug] Initial set of included nodes: model.Order, model.User
[debug] About to delete class files:
[debug] 	User$$anon$2.class
[debug] 	User$.class
[debug] 	Order$.class
[debug] 	User$$anon$4.class
[debug] 	Order.class
[debug] 	User$$anon$1.class
[debug] 	User$$anon$3.class
[debug] 	User.class
[debug] 	User$$anon$2.tasty
[debug] 	User$.tasty
[debug] 	Order$.tasty
[debug] 	User$$anon$4.tasty
[debug] 	Order.tasty
[debug] 	User$$anon$1.tasty
[debug] 	User$$anon$3.tasty
[debug] 	User.tasty
[debug] We backup class files:
[debug] 	User$$anon$2.class
[debug] 	User$.class
[debug] 	Order$.class
[debug] 	User$$anon$4.class
[debug] 	Order.class
[debug] 	User$$anon$1.class
[debug] 	User$$anon$3.class
[debug] 	User.class
[debug] 	User$$anon$2.tasty
[debug] 	User$.tasty
[debug] 	Order$.tasty
[debug] 	User$$anon$4.tasty
[debug] 	Order.tasty
[debug] 	User$$anon$1.tasty
[debug] 	User$$anon$3.tasty
[debug] 	User.tasty
[debug] compilation cycle 1
[info] compiling 1 Scala source to /private/tmp/eezo-zinc-lab/debug/target/scala-3.8.4/classes ...
[debug] Returning already retrieved and compiled bridge: /Users/rcardin/Library/Caches/Coursier/v1/https/repo1.maven.org/maven2/org/scala-lang/scala3-sbt-bridge/3.8.4/scala3-sbt-bridge-3.8.4.jar.
[debug] [zinc] Running cached compiler 7a74958c for Scala Compiler version 3.8.4
[debug] [zinc] The Scala compiler is invoked with:
[debug] 	-classpath
[debug] 	/private/tmp/eezo-zinc-lab/debug/target/scala-3.8.4/classes:/Users/rcardin/Library/Caches/Coursier/v1/https/repo1.maven.org/maven2/org/scala-lang/scala3-library_3/3.8.4/scala3-library_3-3.8.4.jar:/Users/rcardin/Library/Caches/Coursier/v1/https/repo1.maven.org/maven2/org/scala-lang/scala-library/3.8.4/scala-library-3.8.4.jar
[debug] Scala compilation took 0.110169625 s
[info] done compiling
[debug] Registering generated classes:
[debug] 	User$$anon$2.class
[debug] 	User$.class
[debug] 	Order$.class
[debug] 	User$$anon$4.class
[debug] 	Order.class
[debug] 	User$$anon$1.class
[debug] 	User$$anon$3.class
[debug] 	User.class
[debug] 	User$$anon$2.tasty
[debug] 	User$.tasty
[debug] 	Order$.tasty
[debug] 	User$$anon$4.tasty
[debug] 	Order.tasty
[debug] 	User$$anon$1.tasty
[debug] 	User$$anon$3.tasty
[debug] 	User.tasty
[debug] Invalidating (transitively) by inheritance from model.User...
[debug] Initial set of included nodes: model.User
[debug] Invalidated by transitive inheritance dependency: Set(model.User)
[debug] None of the modified names appears in source file of app.Named3. This dependency is not being considered for invalidation.
[debug] None of the modified names appears in source file of app.Consumer4. This dependency is not being considered for invalidation.
[debug] None of the modified names appears in source file of app.Consumer3. This dependency is not being considered for invalidation.
[debug] None of the modified names appears in source file of app.Named5. This dependency is not being considered for invalidation.
[debug] None of the modified names appears in source file of app.Named2. This dependency is not being considered for invalidation.
[debug] None of the modified names appears in source file of app.Consumer2. This dependency is not being considered for invalidation.
[debug] None of the modified names appears in source file of app.Consumer5. This dependency is not being considered for invalidation.
[debug] None of the modified names appears in source file of app.Named1. This dependency is not being considered for invalidation.
[debug] None of the modified names appears in source file of app.Consumer1. This dependency is not being considered for invalidation.
[debug] None of the modified names appears in source file of app.Named4. This dependency is not being considered for invalidation.
[debug] None of the modified names appears in source file of app.Consumer0. This dependency is not being considered for invalidation.
[debug] None of the modified names appears in source file of app.Named0. This dependency is not being considered for invalidation.
[debug] Change NamesChange(model.User,ModifiedNames(changes = UsedName(_5,[Default]), UsedName(age,[Default]), UsedName(copy,[Default]), UsedName(model;User;init;,[Default]), UsedName(apply,[Default]), UsedName(copy$default$5,[Default]))) invalidates 1 classes due to The model.User has the following regular definitions changed:
[debug] 	UsedName(_5,[Default]), UsedName(age,[Default]), UsedName(copy,[Default]), UsedName(model;User;init;,[Default]), UsedName(apply,[Default]), UsedName(copy$default$5,[Default]).
[debug]   > by transitive inheritance: Set(model.User)
[debug]   > 
[debug]   > 
[debug]   > 
[debug]         
[debug] New invalidations:
[debug] Initial set of included nodes: 
[debug] Previously invalidated, but (transitively) depend on new invalidations:
[debug] Final step, transitive dependencies:
[debug] 	Set()
[debug] Initial set of included nodes: model.Order, model.User
[debug] Including model.OrderInstances$package by model.Order
[debug] Including app.OrderUse by model.OrderInstances$package
[debug] Including app.Named3 by model.User
[debug] Including app.Consumer4 by model.User
[debug] Including app.Consumer3 by model.User
[debug] Including app.Named5 by model.User
[debug] Including app.Named2 by model.User
[debug] Including app.Consumer2 by model.User
[debug] Including app.Consumer5 by model.User
[debug] Including app.Named1 by model.User
[debug] Including app.Consumer1 by model.User
[debug] Including app.Named4 by model.User
[debug] Including app.Consumer0 by model.User
[debug] Including app.Named0 by model.User
[debug] Invalidated macros due to upstream dependencies change: Set()
[debug] No classes were invalidated.
[debug] Removing the temporary directory used for backing up class files: /private/tmp/eezo-zinc-lab/debug/target/scala-3.8.4/classes.bak
===LAB-TIMED	settle_add_derive_r1	142150
edit applied: add_derive
===LAB-BEGIN	add_derive_r1
[debug] [zinc] IncrementalCompile -----------
[debug] IncrementalCompile.incrementalCompile
[debug] previous = Stamps for: 68 products, 24 sources, 5 libraries
[debug] current source = Set(${BASE}/src/main/scala/app/Named1.scala, ${BASE}/src/main/scala/app/Unrelated4.scala, ${BASE}/src/main/scala/app/Unrelated5.scala, ${BASE}/src/main/scala/app/Consumer3.scala, ${BASE}/src/main/scala/app/Unrelated6.scala, ${BASE}/src/main/scala/model/User.scala, ${BASE}/src/main/scala/model/Typeclasses.scala, ${BASE}/src/main/scala/app/Consumer0.scala, ${BASE}/src/main/scala/app/Consumer1.scala, ${BASE}/src/main/scala/app/Named2.scala, ${BASE}/src/main/scala/app/Consumer2.scala, ${BASE}/src/main/scala/app/Named4.scala, ${BASE}/src/main/scala/app/OrderUse.scala, ${BASE}/src/main/scala/app/Unrelated0.scala, ${BASE}/src/main/scala/app/Consumer5.scala, ${BASE}/src/main/scala/app/Unrelated7.scala, ${BASE}/src/main/scala/app/Consumer4.scala, ${BASE}/src/main/scala/app/Named3.scala, ${BASE}/src/main/scala/app/Unrelated1.scala, ${BASE}/src/main/scala/app/Unrelated3.scala, ${BASE}/src/main/scala/app/Unrelated2.scala, ${BASE}/src/main/scala/model/OrderInstances.scala, ${BASE}/src/main/scala/app/Named0.scala, ${BASE}/src/main/scala/app/Named5.scala)
[debug] > initialChanges = InitialChanges(Changes(added = Set(), removed = Set(), changed = Set(${BASE}/src/main/scala/model/User.scala), unmodified = ...),Set(),Set(),API Changes: Set())
[debug] 
[debug] Initial source changes:
[debug] 	removed: Set()
[debug] 	added: Set()
[debug] 	modified: Set(${BASE}/src/main/scala/model/User.scala)
[debug] Invalidated products: Set()
[debug] External API changes: API Changes: Set()
[debug] Modified binary dependencies: Set()
[debug] Initial directly invalidated classes: Set(model.Order, model.User)
[debug] Sources indirectly invalidated by:
[debug] 	product: Set()
[debug] 	binary dep: Set()
[debug] 	external source: Set()
[debug] All initially invalidated classes: Set(model.Order, model.User)
[debug] All initially invalidated sources:Set(${BASE}/src/main/scala/model/User.scala)
[debug] Created transactional ClassFileManager with tempDir = /private/tmp/eezo-zinc-lab/debug/target/scala-3.8.4/classes.bak
[debug] Initial set of included nodes: model.Order, model.User
[debug] About to delete class files:
[debug] 	User$$anon$2.class
[debug] 	User$.class
[debug] 	Order$.class
[debug] 	User$$anon$4.class
[debug] 	Order.class
[debug] 	User$$anon$1.class
[debug] 	User$$anon$3.class
[debug] 	User.class
[debug] 	User$$anon$2.tasty
[debug] 	User$.tasty
[debug] 	Order$.tasty
[debug] 	User$$anon$4.tasty
[debug] 	Order.tasty
[debug] 	User$$anon$1.tasty
[debug] 	User$$anon$3.tasty
[debug] 	User.tasty
[debug] We backup class files:
[debug] 	User$$anon$2.class
[debug] 	User$.class
[debug] 	Order$.class
[debug] 	User$$anon$4.class
[debug] 	Order.class
[debug] 	User$$anon$1.class
[debug] 	User$$anon$3.class
[debug] 	User.class
[debug] 	User$$anon$2.tasty
[debug] 	User$.tasty
[debug] 	Order$.tasty
[debug] 	User$$anon$4.tasty
[debug] 	Order.tasty
[debug] 	User$$anon$1.tasty
[debug] 	User$$anon$3.tasty
[debug] 	User.tasty
[debug] compilation cycle 1
[info] compiling 1 Scala source to /private/tmp/eezo-zinc-lab/debug/target/scala-3.8.4/classes ...
[debug] Returning already retrieved and compiled bridge: /Users/rcardin/Library/Caches/Coursier/v1/https/repo1.maven.org/maven2/org/scala-lang/scala3-sbt-bridge/3.8.4/scala3-sbt-bridge-3.8.4.jar.
[debug] [zinc] Running cached compiler 18d4be07 for Scala Compiler version 3.8.4
[debug] [zinc] The Scala compiler is invoked with:
[debug] 	-classpath
[debug] 	/private/tmp/eezo-zinc-lab/debug/target/scala-3.8.4/classes:/Users/rcardin/Library/Caches/Coursier/v1/https/repo1.maven.org/maven2/org/scala-lang/scala3-library_3/3.8.4/scala3-library_3-3.8.4.jar:/Users/rcardin/Library/Caches/Coursier/v1/https/repo1.maven.org/maven2/org/scala-lang/scala-library/3.8.4/scala-library-3.8.4.jar
[debug] Scala compilation took 0.111325667 s
[info] done compiling
[debug] Registering generated classes:
[debug] 	User$$anon$2.class
[debug] 	User$.class
[debug] 	Order$.class
[debug] 	User$$anon$5.class
[debug] 	User$$anon$4.class
[debug] 	Order.class
[debug] 	User$$anon$1.class
[debug] 	User$$anon$3.class
[debug] 	User.class
[debug] 	User$$anon$2.tasty
[debug] 	User$.tasty
[debug] 	Order$.tasty
[debug] 	User$$anon$5.tasty
[debug] 	User$$anon$4.tasty
[debug] 	Order.tasty
[debug] 	User$$anon$1.tasty
[debug] 	User$$anon$3.tasty
[debug] 	User.tasty
[debug] Invalidating (transitively) by inheritance from model.User...
[debug] Initial set of included nodes: model.User
[debug] Invalidated by transitive inheritance dependency: Set(model.User)
[debug] The following member ref dependencies of model.User are invalidated:
[debug] 	app.Consumer0
[debug] 	app.Consumer1
[debug] 	app.Consumer2
[debug] 	app.Consumer3
[debug] 	app.Consumer4
[debug] 	app.Consumer5
[debug] 	app.Named0
[debug] 	app.Named1
[debug] 	app.Named2
[debug] 	app.Named3
[debug] 	app.Named4
[debug] 	app.Named5
[debug] Change NamesChange(model.User,ModifiedNames(changes = UsedName(derived$Show,[Implicit]))) invalidates 13 classes due to The model.User has the following implicit definitions changed:
[debug] 	UsedName(derived$Show,[Implicit]).
[debug]   > by transitive inheritance: Set(model.User)
[debug]   > 
[debug]   > by member reference: Set(app.Named3, app.Consumer4, app.Consumer3, app.Named5, app.Named2, app.Consumer2, app.Consumer5, app.Named1, app.Consumer1, app.Named4, app.Consumer0, app.Named0)
[debug]   > 
[debug]         
[debug] New invalidations:
[debug] 	app.Named3
[debug] 	app.Consumer4
[debug] 	app.Consumer3
[debug] 	app.Named5
[debug] 	app.Named2
[debug] 	app.Consumer2
[debug] 	app.Consumer5
[debug] 	app.Named1
[debug] 	app.Consumer1
[debug] 	app.Named4
[debug] 	app.Consumer0
[debug] 	app.Named0
[debug] Initial set of included nodes: app.Named3, app.Consumer4, app.Consumer3, app.Named5, app.Named2, app.Consumer2, app.Consumer5, app.Named1, app.Consumer1, app.Named4, app.Consumer0, app.Named0
[debug] Previously invalidated, but (transitively) depend on new invalidations:
[debug] Final step, transitive dependencies:
[debug] 	Set(app.Named3, app.Consumer4, app.Consumer3, app.Named5, app.Named2, app.Consumer2, app.Consumer5, app.Named1, app.Consumer1, app.Named4, app.Consumer0, app.Named0)
[debug] Initial set of included nodes: model.Order, model.User
[debug] Including model.OrderInstances$package by model.Order
[debug] Including app.OrderUse by model.OrderInstances$package
[debug] Including app.Named3 by model.User
[debug] Including app.Consumer4 by model.User
[debug] Including app.Consumer3 by model.User
[debug] Including app.Named5 by model.User
[debug] Including app.Named2 by model.User
[debug] Including app.Consumer2 by model.User
[debug] Including app.Consumer5 by model.User
[debug] Including app.Named1 by model.User
[debug] Including app.Consumer1 by model.User
[debug] Including app.Named4 by model.User
[debug] Including app.Consumer0 by model.User
[debug] Including app.Named0 by model.User
[debug] Invalidated macros due to upstream dependencies change: Set()
[debug] Initial set of included nodes: app.Named3, app.Consumer4, app.Consumer3, app.Named5, app.Named2, app.Consumer2, app.Consumer5, app.Named1, app.Consumer1, app.Named4, app.Consumer0, app.Named0
[debug] About to delete class files:
[debug] 	Named2.class
[debug] 	Consumer4.class
[debug] 	Consumer5$.class
[debug] 	Consumer0.class
[debug] 	Consumer3$.class
[debug] 	Named1$.class
[debug] 	Named3$.class
[debug] 	Consumer2.class
[debug] 	Consumer0$.class
[debug] 	Consumer4$.class
[debug] 	Named0.class
[debug] 	Named4.class
[debug] 	Named3.class
[debug] 	Named2$.class
[debug] 	Named0$.class
[debug] 	Consumer3.class
[debug] 	Consumer1.class
[debug] 	Consumer5.class
[debug] 	Consumer1$.class
[debug] 	Consumer2$.class
[debug] 	Named5.class
[debug] 	Named5$.class
[debug] 	Named4$.class
[debug] 	Named1.class
[debug] 	Named2.tasty
[debug] 	Consumer4.tasty
[debug] 	Consumer5$.tasty
[debug] 	Consumer0.tasty
[debug] 	Consumer3$.tasty
[debug] 	Named1$.tasty
[debug] 	Named3$.tasty
[debug] 	Consumer2.tasty
[debug] 	Consumer0$.tasty
[debug] 	Consumer4$.tasty
[debug] 	Named0.tasty
[debug] 	Named4.tasty
[debug] 	Named3.tasty
[debug] 	Named2$.tasty
[debug] 	Named0$.tasty
[debug] 	Consumer3.tasty
[debug] 	Consumer1.tasty
[debug] 	Consumer5.tasty
[debug] 	Consumer1$.tasty
[debug] 	Consumer2$.tasty
[debug] 	Named5.tasty
[debug] 	Named5$.tasty
[debug] 	Named4$.tasty
[debug] 	Named1.tasty
[debug] We backup class files:
[debug] 	Named2.class
[debug] 	Consumer4.class
[debug] 	Consumer5$.class
[debug] 	Consumer0.class
[debug] 	Consumer3$.class
[debug] 	Named1$.class
[debug] 	Named3$.class
[debug] 	Consumer2.class
[debug] 	Consumer0$.class
[debug] 	Consumer4$.class
[debug] 	Named0.class
[debug] 	Named4.class
[debug] 	Named3.class
[debug] 	Named2$.class
[debug] 	Named0$.class
[debug] 	Consumer3.class
[debug] 	Consumer1.class
[debug] 	Consumer5.class
[debug] 	Consumer1$.class
[debug] 	Consumer2$.class
[debug] 	Named5.class
[debug] 	Named5$.class
[debug] 	Named4$.class
[debug] 	Named1.class
[debug] 	Named2.tasty
[debug] 	Consumer4.tasty
[debug] 	Consumer5$.tasty
[debug] 	Consumer0.tasty
[debug] 	Consumer3$.tasty
[debug] 	Named1$.tasty
[debug] 	Named3$.tasty
[debug] 	Consumer2.tasty
[debug] 	Consumer0$.tasty
[debug] 	Consumer4$.tasty
[debug] 	Named0.tasty
[debug] 	Named4.tasty
[debug] 	Named3.tasty
[debug] 	Named2$.tasty
[debug] 	Named0$.tasty
[debug] 	Consumer3.tasty
[debug] 	Consumer1.tasty
[debug] 	Consumer5.tasty
[debug] 	Consumer1$.tasty
[debug] 	Consumer2$.tasty
[debug] 	Named5.tasty
[debug] 	Named5$.tasty
[debug] 	Named4$.tasty
[debug] 	Named1.tasty
[debug] compilation cycle 2
[info] compiling 12 Scala sources to /private/tmp/eezo-zinc-lab/debug/target/scala-3.8.4/classes ...
[debug] Returning already retrieved and compiled bridge: /Users/rcardin/Library/Caches/Coursier/v1/https/repo1.maven.org/maven2/org/scala-lang/scala3-sbt-bridge/3.8.4/scala3-sbt-bridge-3.8.4.jar.
[debug] [zinc] Running cached compiler 556cdebf for Scala Compiler version 3.8.4
[debug] [zinc] The Scala compiler is invoked with:
[debug] 	-classpath
[debug] 	/private/tmp/eezo-zinc-lab/debug/target/scala-3.8.4/classes:/Users/rcardin/Library/Caches/Coursier/v1/https/repo1.maven.org/maven2/org/scala-lang/scala3-library_3/3.8.4/scala3-library_3-3.8.4.jar:/Users/rcardin/Library/Caches/Coursier/v1/https/repo1.maven.org/maven2/org/scala-lang/scala-library/3.8.4/scala-library-3.8.4.jar
[debug] Scala compilation took 0.093164459 s
[info] done compiling
[debug] Registering generated classes:
[debug] 	Named2.class
[debug] 	Consumer4.class
[debug] 	Consumer5$.class
[debug] 	Consumer0.class
[debug] 	Consumer3$.class
[debug] 	Named1$.class
[debug] 	Named3$.class
[debug] 	Consumer2.class
[debug] 	Consumer0$.class
[debug] 	Consumer4$.class
[debug] 	Named0.class
[debug] 	Named4.class
[debug] 	Named3.class
[debug] 	Named2$.class
[debug] 	Named0$.class
[debug] 	Consumer3.class
[debug] 	Consumer1.class
[debug] 	Consumer5.class
[debug] 	Consumer1$.class
[debug] 	Consumer2$.class
[debug] 	Named5.class
[debug] 	Named5$.class
[debug] 	Named4$.class
[debug] 	Named1.class
[debug] 	Named2.tasty
[debug] 	Consumer4.tasty
[debug] 	Consumer5$.tasty
[debug] 	Consumer0.tasty
[debug] 	Consumer3$.tasty
[debug] 	Named1$.tasty
[debug] 	Named3$.tasty
[debug] 	Consumer2.tasty
[debug] 	Consumer0$.tasty
[debug] 	Consumer4$.tasty
[debug] 	Named0.tasty
[debug] 	Named4.tasty
[debug] 	Named3.tasty
[debug] 	Named2$.tasty
[debug] 	Named0$.tasty
[debug] 	Consumer3.tasty
[debug] 	Consumer1.tasty
[debug] 	Consumer5.tasty
[debug] 	Consumer1$.tasty
[debug] 	Consumer2$.tasty
[debug] 	Named5.tasty
[debug] 	Named5$.tasty
[debug] 	Named4$.tasty
[debug] 	Named1.tasty
[debug] New invalidations:
[debug] Initial set of included nodes: 
[debug] Previously invalidated, but (transitively) depend on new invalidations:
[debug] Final step, transitive dependencies:
[debug] 	Set()
[debug] Initial set of included nodes: app.Named3, app.Consumer4, app.Consumer3, app.Named5, app.Named2, app.Consumer2, app.Consumer5, app.Named1, app.Consumer1, app.Named4, app.Consumer0, app.Named0
[debug] Invalidated macros due to upstream dependencies change: Set()
[debug] No classes were invalidated.
[debug] Removing the temporary directory used for backing up class files: /private/tmp/eezo-zinc-lab/debug/target/scala-3.8.4/classes.bak
===LAB-TIMED	add_derive_r1	263475
edit applied: reset
===LAB-BEGIN	settle_drop_derive_r1
[debug] [zinc] IncrementalCompile -----------
[debug] IncrementalCompile.incrementalCompile
[debug] previous = Stamps for: 69 products, 24 sources, 6 libraries
[debug] current source = Set(${BASE}/src/main/scala/app/Named1.scala, ${BASE}/src/main/scala/app/Unrelated4.scala, ${BASE}/src/main/scala/app/Unrelated5.scala, ${BASE}/src/main/scala/app/Consumer3.scala, ${BASE}/src/main/scala/app/Unrelated6.scala, ${BASE}/src/main/scala/model/User.scala, ${BASE}/src/main/scala/model/Typeclasses.scala, ${BASE}/src/main/scala/app/Consumer0.scala, ${BASE}/src/main/scala/app/Consumer1.scala, ${BASE}/src/main/scala/app/Named2.scala, ${BASE}/src/main/scala/app/Consumer2.scala, ${BASE}/src/main/scala/app/Named4.scala, ${BASE}/src/main/scala/app/OrderUse.scala, ${BASE}/src/main/scala/app/Unrelated0.scala, ${BASE}/src/main/scala/app/Consumer5.scala, ${BASE}/src/main/scala/app/Unrelated7.scala, ${BASE}/src/main/scala/app/Consumer4.scala, ${BASE}/src/main/scala/app/Named3.scala, ${BASE}/src/main/scala/app/Unrelated1.scala, ${BASE}/src/main/scala/app/Unrelated3.scala, ${BASE}/src/main/scala/app/Unrelated2.scala, ${BASE}/src/main/scala/model/OrderInstances.scala, ${BASE}/src/main/scala/app/Named0.scala, ${BASE}/src/main/scala/app/Named5.scala)
[debug] > initialChanges = InitialChanges(Changes(added = Set(), removed = Set(), changed = Set(${BASE}/src/main/scala/model/User.scala), unmodified = ...),Set(),Set(),API Changes: Set())
[debug] 
[debug] Initial source changes:
[debug] 	removed: Set()
[debug] 	added: Set()
[debug] 	modified: Set(${BASE}/src/main/scala/model/User.scala)
[debug] Invalidated products: Set()
[debug] External API changes: API Changes: Set()
[debug] Modified binary dependencies: Set()
[debug] Initial directly invalidated classes: Set(model.Order, model.User)
[debug] Sources indirectly invalidated by:
[debug] 	product: Set()
[debug] 	binary dep: Set()
[debug] 	external source: Set()
[debug] All initially invalidated classes: Set(model.Order, model.User)
[debug] All initially invalidated sources:Set(${BASE}/src/main/scala/model/User.scala)
[debug] Created transactional ClassFileManager with tempDir = /private/tmp/eezo-zinc-lab/debug/target/scala-3.8.4/classes.bak
[debug] Initial set of included nodes: model.Order, model.User
[debug] About to delete class files:
[debug] 	User$$anon$2.class
[debug] 	User$.class
[debug] 	Order$.class
[debug] 	User$$anon$5.class
[debug] 	User$$anon$4.class
[debug] 	Order.class
[debug] 	User$$anon$1.class
[debug] 	User$$anon$3.class
[debug] 	User.class
[debug] 	User$$anon$2.tasty
[debug] 	User$.tasty
[debug] 	Order$.tasty
[debug] 	User$$anon$5.tasty
[debug] 	User$$anon$4.tasty
[debug] 	Order.tasty
[debug] 	User$$anon$1.tasty
[debug] 	User$$anon$3.tasty
[debug] 	User.tasty
[debug] We backup class files:
[debug] 	User$$anon$2.class
[debug] 	User$.class
[debug] 	Order$.class
[debug] 	User$$anon$5.class
[debug] 	User$$anon$4.class
[debug] 	Order.class
[debug] 	User$$anon$1.class
[debug] 	User$$anon$3.class
[debug] 	User.class
[debug] 	User$$anon$2.tasty
[debug] 	User$.tasty
[debug] 	Order$.tasty
[debug] 	User$$anon$5.tasty
[debug] 	User$$anon$4.tasty
[debug] 	Order.tasty
[debug] 	User$$anon$1.tasty
[debug] 	User$$anon$3.tasty
[debug] 	User.tasty
[debug] compilation cycle 1
[info] compiling 1 Scala source to /private/tmp/eezo-zinc-lab/debug/target/scala-3.8.4/classes ...
[debug] Returning already retrieved and compiled bridge: /Users/rcardin/Library/Caches/Coursier/v1/https/repo1.maven.org/maven2/org/scala-lang/scala3-sbt-bridge/3.8.4/scala3-sbt-bridge-3.8.4.jar.
[debug] [zinc] Running cached compiler b3faa16 for Scala Compiler version 3.8.4
[debug] [zinc] The Scala compiler is invoked with:
[debug] 	-classpath
[debug] 	/private/tmp/eezo-zinc-lab/debug/target/scala-3.8.4/classes:/Users/rcardin/Library/Caches/Coursier/v1/https/repo1.maven.org/maven2/org/scala-lang/scala3-library_3/3.8.4/scala3-library_3-3.8.4.jar:/Users/rcardin/Library/Caches/Coursier/v1/https/repo1.maven.org/maven2/org/scala-lang/scala-library/3.8.4/scala-library-3.8.4.jar
[debug] Scala compilation took 0.102034958 s
[info] done compiling
[debug] Registering generated classes:
[debug] 	User$$anon$2.class
[debug] 	User$.class
[debug] 	Order$.class
[debug] 	User$$anon$4.class
[debug] 	Order.class
[debug] 	User$$anon$1.class
[debug] 	User$$anon$3.class
[debug] 	User.class
[debug] 	User$$anon$2.tasty
[debug] 	User$.tasty
[debug] 	Order$.tasty
[debug] 	User$$anon$4.tasty
[debug] 	Order.tasty
[debug] 	User$$anon$1.tasty
[debug] 	User$$anon$3.tasty
[debug] 	User.tasty
[debug] Invalidating (transitively) by inheritance from model.User...
[debug] Initial set of included nodes: model.User
[debug] Invalidated by transitive inheritance dependency: Set(model.User)
[debug] The following member ref dependencies of model.User are invalidated:
[debug] 	app.Consumer0
[debug] 	app.Consumer1
[debug] 	app.Consumer2
[debug] 	app.Consumer3
[debug] 	app.Consumer4
[debug] 	app.Consumer5
[debug] 	app.Named0
[debug] 	app.Named1
[debug] 	app.Named2
[debug] 	app.Named3
[debug] 	app.Named4
[debug] 	app.Named5
[debug] Change NamesChange(model.User,ModifiedNames(changes = UsedName(derived$Show,[Implicit]))) invalidates 13 classes due to The model.User has the following implicit definitions changed:
[debug] 	UsedName(derived$Show,[Implicit]).
[debug]   > by transitive inheritance: Set(model.User)
[debug]   > 
[debug]   > by member reference: Set(app.Named3, app.Consumer4, app.Consumer3, app.Named5, app.Named2, app.Consumer2, app.Consumer5, app.Named1, app.Consumer1, app.Named4, app.Consumer0, app.Named0)
[debug]   > 
[debug]         
[debug] New invalidations:
[debug] 	app.Named3
[debug] 	app.Consumer4
[debug] 	app.Consumer3
[debug] 	app.Named5
[debug] 	app.Named2
[debug] 	app.Consumer2
[debug] 	app.Consumer5
[debug] 	app.Named1
[debug] 	app.Consumer1
[debug] 	app.Named4
[debug] 	app.Consumer0
[debug] 	app.Named0
[debug] Initial set of included nodes: app.Named3, app.Consumer4, app.Consumer3, app.Named5, app.Named2, app.Consumer2, app.Consumer5, app.Named1, app.Consumer1, app.Named4, app.Consumer0, app.Named0
[debug] Previously invalidated, but (transitively) depend on new invalidations:
[debug] Final step, transitive dependencies:
[debug] 	Set(app.Named3, app.Consumer4, app.Consumer3, app.Named5, app.Named2, app.Consumer2, app.Consumer5, app.Named1, app.Consumer1, app.Named4, app.Consumer0, app.Named0)
[debug] Initial set of included nodes: model.Order, model.User
[debug] Including model.OrderInstances$package by model.Order
[debug] Including app.OrderUse by model.OrderInstances$package
[debug] Including app.Named3 by model.User
[debug] Including app.Consumer4 by model.User
[debug] Including app.Consumer3 by model.User
[debug] Including app.Named5 by model.User
[debug] Including app.Named2 by model.User
[debug] Including app.Consumer2 by model.User
[debug] Including app.Consumer5 by model.User
[debug] Including app.Named1 by model.User
[debug] Including app.Consumer1 by model.User
[debug] Including app.Named4 by model.User
[debug] Including app.Consumer0 by model.User
[debug] Including app.Named0 by model.User
[debug] Invalidated macros due to upstream dependencies change: Set()
[debug] Initial set of included nodes: app.Named3, app.Consumer4, app.Consumer3, app.Named5, app.Named2, app.Consumer2, app.Consumer5, app.Named1, app.Consumer1, app.Named4, app.Consumer0, app.Named0
[debug] About to delete class files:
[debug] 	Named2.class
[debug] 	Consumer4.class
[debug] 	Consumer5$.class
[debug] 	Consumer0.class
[debug] 	Consumer3$.class
[debug] 	Named1$.class
[debug] 	Named3$.class
[debug] 	Consumer2.class
[debug] 	Consumer0$.class
[debug] 	Consumer4$.class
[debug] 	Named0.class
[debug] 	Named4.class
[debug] 	Named3.class
[debug] 	Named2$.class
[debug] 	Named0$.class
[debug] 	Consumer3.class
[debug] 	Consumer1.class
[debug] 	Consumer5.class
[debug] 	Consumer1$.class
[debug] 	Consumer2$.class
[debug] 	Named5.class
[debug] 	Named5$.class
[debug] 	Named4$.class
[debug] 	Named1.class
[debug] 	Named2.tasty
[debug] 	Consumer4.tasty
[debug] 	Consumer5$.tasty
[debug] 	Consumer0.tasty
[debug] 	Consumer3$.tasty
[debug] 	Named1$.tasty
[debug] 	Named3$.tasty
[debug] 	Consumer2.tasty
[debug] 	Consumer0$.tasty
[debug] 	Consumer4$.tasty
[debug] 	Named0.tasty
[debug] 	Named4.tasty
[debug] 	Named3.tasty
[debug] 	Named2$.tasty
[debug] 	Named0$.tasty
[debug] 	Consumer3.tasty
[debug] 	Consumer1.tasty
[debug] 	Consumer5.tasty
[debug] 	Consumer1$.tasty
[debug] 	Consumer2$.tasty
[debug] 	Named5.tasty
[debug] 	Named5$.tasty
[debug] 	Named4$.tasty
[debug] 	Named1.tasty
[debug] We backup class files:
[debug] 	Named2.class
[debug] 	Consumer4.class
[debug] 	Consumer5$.class
[debug] 	Consumer0.class
[debug] 	Consumer3$.class
[debug] 	Named1$.class
[debug] 	Named3$.class
[debug] 	Consumer2.class
[debug] 	Consumer0$.class
[debug] 	Consumer4$.class
[debug] 	Named0.class
[debug] 	Named4.class
[debug] 	Named3.class
[debug] 	Named2$.class
[debug] 	Named0$.class
[debug] 	Consumer3.class
[debug] 	Consumer1.class
[debug] 	Consumer5.class
[debug] 	Consumer1$.class
[debug] 	Consumer2$.class
[debug] 	Named5.class
[debug] 	Named5$.class
[debug] 	Named4$.class
[debug] 	Named1.class
[debug] 	Named2.tasty
[debug] 	Consumer4.tasty
[debug] 	Consumer5$.tasty
[debug] 	Consumer0.tasty
[debug] 	Consumer3$.tasty
[debug] 	Named1$.tasty
[debug] 	Named3$.tasty
[debug] 	Consumer2.tasty
[debug] 	Consumer0$.tasty
[debug] 	Consumer4$.tasty
[debug] 	Named0.tasty
[debug] 	Named4.tasty
[debug] 	Named3.tasty
[debug] 	Named2$.tasty
[debug] 	Named0$.tasty
[debug] 	Consumer3.tasty
[debug] 	Consumer1.tasty
[debug] 	Consumer5.tasty
[debug] 	Consumer1$.tasty
[debug] 	Consumer2$.tasty
[debug] 	Named5.tasty
[debug] 	Named5$.tasty
[debug] 	Named4$.tasty
[debug] 	Named1.tasty
[debug] compilation cycle 2
[info] compiling 12 Scala sources to /private/tmp/eezo-zinc-lab/debug/target/scala-3.8.4/classes ...
[debug] Returning already retrieved and compiled bridge: /Users/rcardin/Library/Caches/Coursier/v1/https/repo1.maven.org/maven2/org/scala-lang/scala3-sbt-bridge/3.8.4/scala3-sbt-bridge-3.8.4.jar.
[debug] [zinc] Running cached compiler 205c4655 for Scala Compiler version 3.8.4
[debug] [zinc] The Scala compiler is invoked with:
[debug] 	-classpath
[debug] 	/private/tmp/eezo-zinc-lab/debug/target/scala-3.8.4/classes:/Users/rcardin/Library/Caches/Coursier/v1/https/repo1.maven.org/maven2/org/scala-lang/scala3-library_3/3.8.4/scala3-library_3-3.8.4.jar:/Users/rcardin/Library/Caches/Coursier/v1/https/repo1.maven.org/maven2/org/scala-lang/scala-library/3.8.4/scala-library-3.8.4.jar
[debug] Scala compilation took 0.08828775 s
[info] done compiling
[debug] Registering generated classes:
[debug] 	Named2.class
[debug] 	Consumer4.class
[debug] 	Consumer5$.class
[debug] 	Consumer0.class
[debug] 	Consumer3$.class
[debug] 	Named1$.class
[debug] 	Named3$.class
[debug] 	Consumer2.class
[debug] 	Consumer0$.class
[debug] 	Consumer4$.class
[debug] 	Named0.class
[debug] 	Named4.class
[debug] 	Named3.class
[debug] 	Named2$.class
[debug] 	Named0$.class
[debug] 	Consumer3.class
[debug] 	Consumer1.class
[debug] 	Consumer5.class
[debug] 	Consumer1$.class
[debug] 	Consumer2$.class
[debug] 	Named5.class
[debug] 	Named5$.class
[debug] 	Named4$.class
[debug] 	Named1.class
[debug] 	Named2.tasty
[debug] 	Consumer4.tasty
[debug] 	Consumer5$.tasty
[debug] 	Consumer0.tasty
[debug] 	Consumer3$.tasty
[debug] 	Named1$.tasty
[debug] 	Named3$.tasty
[debug] 	Consumer2.tasty
[debug] 	Consumer0$.tasty
[debug] 	Consumer4$.tasty
[debug] 	Named0.tasty
[debug] 	Named4.tasty
[debug] 	Named3.tasty
[debug] 	Named2$.tasty
[debug] 	Named0$.tasty
[debug] 	Consumer3.tasty
[debug] 	Consumer1.tasty
[debug] 	Consumer5.tasty
[debug] 	Consumer1$.tasty
[debug] 	Consumer2$.tasty
[debug] 	Named5.tasty
[debug] 	Named5$.tasty
[debug] 	Named4$.tasty
[debug] 	Named1.tasty
[debug] New invalidations:
[debug] Initial set of included nodes: 
[debug] Previously invalidated, but (transitively) depend on new invalidations:
[debug] Final step, transitive dependencies:
[debug] 	Set()
[debug] Initial set of included nodes: app.Named3, app.Consumer4, app.Consumer3, app.Named5, app.Named2, app.Consumer2, app.Consumer5, app.Named1, app.Consumer1, app.Named4, app.Consumer0, app.Named0
[debug] Invalidated macros due to upstream dependencies change: Set()
[debug] No classes were invalidated.
[debug] Removing the temporary directory used for backing up class files: /private/tmp/eezo-zinc-lab/debug/target/scala-3.8.4/classes.bak
===LAB-TIMED	settle_drop_derive_r1	247449
edit applied: drop_derive
===LAB-BEGIN	drop_derive_r1
[debug] [zinc] IncrementalCompile -----------
[debug] IncrementalCompile.incrementalCompile
[debug] previous = Stamps for: 68 products, 24 sources, 5 libraries
[debug] current source = Set(${BASE}/src/main/scala/app/Named1.scala, ${BASE}/src/main/scala/app/Unrelated4.scala, ${BASE}/src/main/scala/app/Unrelated5.scala, ${BASE}/src/main/scala/app/Consumer3.scala, ${BASE}/src/main/scala/app/Unrelated6.scala, ${BASE}/src/main/scala/model/User.scala, ${BASE}/src/main/scala/model/Typeclasses.scala, ${BASE}/src/main/scala/app/Consumer0.scala, ${BASE}/src/main/scala/app/Consumer1.scala, ${BASE}/src/main/scala/app/Named2.scala, ${BASE}/src/main/scala/app/Consumer2.scala, ${BASE}/src/main/scala/app/Named4.scala, ${BASE}/src/main/scala/app/OrderUse.scala, ${BASE}/src/main/scala/app/Unrelated0.scala, ${BASE}/src/main/scala/app/Consumer5.scala, ${BASE}/src/main/scala/app/Unrelated7.scala, ${BASE}/src/main/scala/app/Consumer4.scala, ${BASE}/src/main/scala/app/Named3.scala, ${BASE}/src/main/scala/app/Unrelated1.scala, ${BASE}/src/main/scala/app/Unrelated3.scala, ${BASE}/src/main/scala/app/Unrelated2.scala, ${BASE}/src/main/scala/model/OrderInstances.scala, ${BASE}/src/main/scala/app/Named0.scala, ${BASE}/src/main/scala/app/Named5.scala)
[debug] > initialChanges = InitialChanges(Changes(added = Set(), removed = Set(), changed = Set(${BASE}/src/main/scala/app/Consumer5.scala, ${BASE}/src/main/scala/app/Consumer2.scala, ${BASE}/src/main/scala/app/Consumer4.scala, ${BASE}/src/main/scala/app/Consumer1.scala, ${BASE}/src/main/scala/app/Consumer0.scala, ${BASE}/src/main/scala/app/Consumer3.scala, ${BASE}/src/main/scala/model/User.scala), unmodified = ...),Set(),Set(),API Changes: Set())
[debug] 
[debug] Initial source changes:
[debug] 	removed: Set()
[debug] 	added: Set()
[debug] 	modified: Set(${BASE}/src/main/scala/app/Consumer3.scala, ${BASE}/src/main/scala/model/User.scala, ${BASE}/src/main/scala/app/Consumer0.scala, ${BASE}/src/main/scala/app/Consumer1.scala, ${BASE}/src/main/scala/app/Consumer2.scala, ${BASE}/src/main/scala/app/Consumer5.scala, ${BASE}/src/main/scala/app/Consumer4.scala)
[debug] Invalidated products: Set()
[debug] External API changes: API Changes: Set()
[debug] Modified binary dependencies: Set()
[debug] Initial directly invalidated classes: Set(app.Consumer4, app.Consumer3, model.Order, app.Consumer2, app.Consumer5, app.Consumer1, app.Consumer0, model.User)
[debug] Sources indirectly invalidated by:
[debug] 	product: Set()
[debug] 	binary dep: Set()
[debug] 	external source: Set()
[debug] All initially invalidated classes: Set(app.Consumer4, app.Consumer3, model.Order, app.Consumer2, app.Consumer5, app.Consumer1, app.Consumer0, model.User)
[debug] All initially invalidated sources:Set(${BASE}/src/main/scala/app/Consumer3.scala, ${BASE}/src/main/scala/model/User.scala, ${BASE}/src/main/scala/app/Consumer0.scala, ${BASE}/src/main/scala/app/Consumer1.scala, ${BASE}/src/main/scala/app/Consumer2.scala, ${BASE}/src/main/scala/app/Consumer5.scala, ${BASE}/src/main/scala/app/Consumer4.scala)
[debug] Created transactional ClassFileManager with tempDir = /private/tmp/eezo-zinc-lab/debug/target/scala-3.8.4/classes.bak
[debug] Initial set of included nodes: app.Consumer4, app.Consumer3, model.Order, app.Consumer2, app.Consumer5, app.Consumer1, app.Consumer0, model.User
[debug] About to delete class files:
[debug] 	User$$anon$2.class
[debug] 	Consumer4.class
[debug] 	Consumer5$.class
[debug] 	Consumer0.class
[debug] 	Consumer3$.class
[debug] 	User$.class
[debug] 	Consumer2.class
[debug] 	Consumer0$.class
[debug] 	Order$.class
[debug] 	User$$anon$4.class
[debug] 	Order.class
[debug] 	Consumer4$.class
[debug] 	User$$anon$1.class
[debug] 	Consumer3.class
[debug] 	Consumer1.class
[debug] 	Consumer5.class
[debug] 	Consumer1$.class
[debug] 	Consumer2$.class
[debug] 	User$$anon$3.class
[debug] 	User.class
[debug] 	User$$anon$2.tasty
[debug] 	Consumer4.tasty
[debug] 	Consumer5$.tasty
[debug] 	Consumer0.tasty
[debug] 	Consumer3$.tasty
[debug] 	User$.tasty
[debug] 	Consumer2.tasty
[debug] 	Consumer0$.tasty
[debug] 	Order$.tasty
[debug] 	User$$anon$4.tasty
[debug] 	Order.tasty
[debug] 	Consumer4$.tasty
[debug] 	User$$anon$1.tasty
[debug] 	Consumer3.tasty
[debug] 	Consumer1.tasty
[debug] 	Consumer5.tasty
[debug] 	Consumer1$.tasty
[debug] 	Consumer2$.tasty
[debug] 	User$$anon$3.tasty
[debug] 	User.tasty
[debug] We backup class files:
[debug] 	User$$anon$2.class
[debug] 	Consumer4.class
[debug] 	Consumer5$.class
[debug] 	Consumer0.class
[debug] 	Consumer3$.class
[debug] 	User$.class
[debug] 	Consumer2.class
[debug] 	Consumer0$.class
[debug] 	Order$.class
[debug] 	User$$anon$4.class
[debug] 	Order.class
[debug] 	Consumer4$.class
[debug] 	User$$anon$1.class
[debug] 	Consumer3.class
[debug] 	Consumer1.class
[debug] 	Consumer5.class
[debug] 	Consumer1$.class
[debug] 	Consumer2$.class
[debug] 	User$$anon$3.class
[debug] 	User.class
[debug] 	User$$anon$2.tasty
[debug] 	Consumer4.tasty
[debug] 	Consumer5$.tasty
[debug] 	Consumer0.tasty
[debug] 	Consumer3$.tasty
[debug] 	User$.tasty
[debug] 	Consumer2.tasty
[debug] 	Consumer0$.tasty
[debug] 	Order$.tasty
[debug] 	User$$anon$4.tasty
[debug] 	Order.tasty
[debug] 	Consumer4$.tasty
[debug] 	User$$anon$1.tasty
[debug] 	Consumer3.tasty
[debug] 	Consumer1.tasty
[debug] 	Consumer5.tasty
[debug] 	Consumer1$.tasty
[debug] 	Consumer2$.tasty
[debug] 	User$$anon$3.tasty
[debug] 	User.tasty
[debug] compilation cycle 1
[info] compiling 7 Scala sources to /private/tmp/eezo-zinc-lab/debug/target/scala-3.8.4/classes ...
[debug] Returning already retrieved and compiled bridge: /Users/rcardin/Library/Caches/Coursier/v1/https/repo1.maven.org/maven2/org/scala-lang/scala3-sbt-bridge/3.8.4/scala3-sbt-bridge-3.8.4.jar.
[debug] [zinc] Running cached compiler 27cf3af5 for Scala Compiler version 3.8.4
[debug] [zinc] The Scala compiler is invoked with:
[debug] 	-classpath
[debug] 	/private/tmp/eezo-zinc-lab/debug/target/scala-3.8.4/classes:/Users/rcardin/Library/Caches/Coursier/v1/https/repo1.maven.org/maven2/org/scala-lang/scala3-library_3/3.8.4/scala3-library_3-3.8.4.jar:/Users/rcardin/Library/Caches/Coursier/v1/https/repo1.maven.org/maven2/org/scala-lang/scala-library/3.8.4/scala-library-3.8.4.jar
[debug] Scala compilation took 0.1119535 s
[info] done compiling
[debug] Registering generated classes:
[debug] 	User$$anon$2.class
[debug] 	Consumer4.class
[debug] 	Consumer5$.class
[debug] 	Consumer0.class
[debug] 	Consumer3$.class
[debug] 	User$.class
[debug] 	Consumer2.class
[debug] 	Consumer0$.class
[debug] 	Order$.class
[debug] 	Order.class
[debug] 	Consumer4$.class
[debug] 	User$$anon$1.class
[debug] 	Consumer3.class
[debug] 	Consumer1.class
[debug] 	Consumer5.class
[debug] 	Consumer1$.class
[debug] 	Consumer2$.class
[debug] 	User$$anon$3.class
[debug] 	User.class
[debug] 	User$$anon$2.tasty
[debug] 	Consumer4.tasty
[debug] 	Consumer5$.tasty
[debug] 	Consumer0.tasty
[debug] 	Consumer3$.tasty
[debug] 	User$.tasty
[debug] 	Consumer2.tasty
[debug] 	Consumer0$.tasty
[debug] 	Order$.tasty
[debug] 	Order.tasty
[debug] 	Consumer4$.tasty
[debug] 	User$$anon$1.tasty
[debug] 	Consumer3.tasty
[debug] 	Consumer1.tasty
[debug] 	Consumer5.tasty
[debug] 	Consumer1$.tasty
[debug] 	Consumer2$.tasty
[debug] 	User$$anon$3.tasty
[debug] 	User.tasty
[debug] Invalidating (transitively) by inheritance from model.User...
[debug] Initial set of included nodes: model.User
[debug] Invalidated by transitive inheritance dependency: Set(model.User)
[debug] The following member ref dependencies of model.User are invalidated:
[debug] 	app.Consumer0
[debug] 	app.Consumer1
[debug] 	app.Consumer2
[debug] 	app.Consumer3
[debug] 	app.Consumer4
[debug] 	app.Consumer5
[debug] 	app.Named0
[debug] 	app.Named1
[debug] 	app.Named2
[debug] 	app.Named3
[debug] 	app.Named4
[debug] 	app.Named5
[debug] Change NamesChange(model.User,ModifiedNames(changes = UsedName(derived$Resource,[Implicit]))) invalidates 13 classes due to The model.User has the following implicit definitions changed:
[debug] 	UsedName(derived$Resource,[Implicit]).
[debug]   > by transitive inheritance: Set(model.User)
[debug]   > 
[debug]   > by member reference: Set(app.Named3, app.Consumer4, app.Consumer3, app.Named5, app.Named2, app.Consumer2, app.Consumer5, app.Named1, app.Consumer1, app.Named4, app.Consumer0, app.Named0)
[debug]   > 
[debug]         
[debug] New invalidations:
[debug] 	app.Named3
[debug] 	app.Consumer4
[debug] 	app.Consumer3
[debug] 	app.Named5
[debug] 	app.Named2
[debug] 	app.Consumer2
[debug] 	app.Consumer5
[debug] 	app.Named1
[debug] 	app.Consumer1
[debug] 	app.Named4
[debug] 	app.Consumer0
[debug] 	app.Named0
[debug] Initial set of included nodes: app.Named3, app.Consumer4, app.Consumer3, app.Named5, app.Named2, app.Consumer2, app.Consumer5, app.Named1, app.Consumer1, app.Named4, app.Consumer0, app.Named0
[debug] Previously invalidated, but (transitively) depend on new invalidations:
[debug] Final step, transitive dependencies:
[debug] 	Set(app.Named3, app.Consumer4, app.Consumer3, app.Named5, app.Named2, app.Consumer2, app.Consumer5, app.Named1, app.Consumer1, app.Named4, app.Consumer0, app.Named0)
[debug] Initial set of included nodes: app.Consumer4, app.Consumer3, model.Order, app.Consumer2, app.Consumer5, app.Consumer1, app.Consumer0, model.User
[debug] Including model.OrderInstances$package by model.Order
[debug] Including app.OrderUse by model.OrderInstances$package
[debug] Including app.Named3 by model.User
[debug] Including app.Named5 by model.User
[debug] Including app.Named2 by model.User
[debug] Including app.Named1 by model.User
[debug] Including app.Named4 by model.User
[debug] Including app.Named0 by model.User
[debug] Invalidated macros due to upstream dependencies change: Set()
[debug] Initial set of included nodes: app.Named3, app.Consumer4, app.Consumer3, app.Named5, app.Named2, app.Consumer2, app.Consumer5, app.Named1, app.Consumer1, app.Named4, app.Consumer0, app.Named0
[debug] About to delete class files:
[debug] 	Named2.class
[debug] 	Consumer4.class
[debug] 	Consumer5$.class
[debug] 	Consumer0.class
[debug] 	Consumer3$.class
[debug] 	Named1$.class
[debug] 	Named3$.class
[debug] 	Consumer2.class
[debug] 	Consumer0$.class
[debug] 	Consumer4$.class
[debug] 	Named0.class
[debug] 	Named4.class
[debug] 	Named3.class
[debug] 	Named2$.class
[debug] 	Named0$.class
[debug] 	Consumer3.class
[debug] 	Consumer1.class
[debug] 	Consumer5.class
[debug] 	Consumer1$.class
[debug] 	Consumer2$.class
[debug] 	Named5.class
[debug] 	Named5$.class
[debug] 	Named4$.class
[debug] 	Named1.class
[debug] 	Named2.tasty
[debug] 	Consumer4.tasty
[debug] 	Consumer5$.tasty
[debug] 	Consumer0.tasty
[debug] 	Consumer3$.tasty
[debug] 	Named1$.tasty
[debug] 	Named3$.tasty
[debug] 	Consumer2.tasty
[debug] 	Consumer0$.tasty
[debug] 	Consumer4$.tasty
[debug] 	Named0.tasty
[debug] 	Named4.tasty
[debug] 	Named3.tasty
[debug] 	Named2$.tasty
[debug] 	Named0$.tasty
[debug] 	Consumer3.tasty
[debug] 	Consumer1.tasty
[debug] 	Consumer5.tasty
[debug] 	Consumer1$.tasty
[debug] 	Consumer2$.tasty
[debug] 	Named5.tasty
[debug] 	Named5$.tasty
[debug] 	Named4$.tasty
[debug] 	Named1.tasty
[debug] We backup class files:
[debug] 	Named2.class
[debug] 	Named1$.class
[debug] 	Named3$.class
[debug] 	Named0.class
[debug] 	Named4.class
[debug] 	Named3.class
[debug] 	Named2$.class
[debug] 	Named0$.class
[debug] 	Named5.class
[debug] 	Named5$.class
[debug] 	Named4$.class
[debug] 	Named1.class
[debug] 	Named2.tasty
[debug] 	Named1$.tasty
[debug] 	Named3$.tasty
[debug] 	Named0.tasty
[debug] 	Named4.tasty
[debug] 	Named3.tasty
[debug] 	Named2$.tasty
[debug] 	Named0$.tasty
[debug] 	Named5.tasty
[debug] 	Named5$.tasty
[debug] 	Named4$.tasty
[debug] 	Named1.tasty
[debug] compilation cycle 2
[info] compiling 12 Scala sources to /private/tmp/eezo-zinc-lab/debug/target/scala-3.8.4/classes ...
[debug] Returning already retrieved and compiled bridge: /Users/rcardin/Library/Caches/Coursier/v1/https/repo1.maven.org/maven2/org/scala-lang/scala3-sbt-bridge/3.8.4/scala3-sbt-bridge-3.8.4.jar.
[debug] [zinc] Running cached compiler ccc8e13 for Scala Compiler version 3.8.4
[debug] [zinc] The Scala compiler is invoked with:
[debug] 	-classpath
[debug] 	/private/tmp/eezo-zinc-lab/debug/target/scala-3.8.4/classes:/Users/rcardin/Library/Caches/Coursier/v1/https/repo1.maven.org/maven2/org/scala-lang/scala3-library_3/3.8.4/scala3-library_3-3.8.4.jar:/Users/rcardin/Library/Caches/Coursier/v1/https/repo1.maven.org/maven2/org/scala-lang/scala-library/3.8.4/scala-library-3.8.4.jar
[debug] Scala compilation took 0.093709958 s
[info] done compiling
[debug] Registering generated classes:
[debug] 	Named2.class
[debug] 	Consumer4.class
[debug] 	Consumer5$.class
[debug] 	Consumer0.class
[debug] 	Consumer3$.class
[debug] 	Named1$.class
[debug] 	Named3$.class
[debug] 	Consumer2.class
[debug] 	Consumer0$.class
[debug] 	Consumer4$.class
[debug] 	Named0.class
[debug] 	Named4.class
[debug] 	Named3.class
[debug] 	Named2$.class
[debug] 	Named0$.class
[debug] 	Consumer3.class
[debug] 	Consumer1.class
[debug] 	Consumer5.class
[debug] 	Consumer1$.class
[debug] 	Consumer2$.class
[debug] 	Named5.class
[debug] 	Named5$.class
[debug] 	Named4$.class
[debug] 	Named1.class
[debug] 	Named2.tasty
[debug] 	Consumer4.tasty
[debug] 	Consumer5$.tasty
[debug] 	Consumer0.tasty
[debug] 	Consumer3$.tasty
[debug] 	Named1$.tasty
[debug] 	Named3$.tasty
[debug] 	Consumer2.tasty
[debug] 	Consumer0$.tasty
[debug] 	Consumer4$.tasty
[debug] 	Named0.tasty
[debug] 	Named4.tasty
[debug] 	Named3.tasty
[debug] 	Named2$.tasty
[debug] 	Named0$.tasty
[debug] 	Consumer3.tasty
[debug] 	Consumer1.tasty
[debug] 	Consumer5.tasty
[debug] 	Consumer1$.tasty
[debug] 	Consumer2$.tasty
[debug] 	Named5.tasty
[debug] 	Named5$.tasty
[debug] 	Named4$.tasty
[debug] 	Named1.tasty
[debug] New invalidations:
[debug] Initial set of included nodes: 
[debug] Previously invalidated, but (transitively) depend on new invalidations:
[debug] Final step, transitive dependencies:
[debug] 	Set()
[debug] Initial set of included nodes: app.Named3, app.Consumer4, app.Consumer3, app.Named5, app.Named2, app.Consumer2, app.Consumer5, app.Named1, app.Consumer1, app.Named4, app.Consumer0, app.Named0
[debug] Invalidated macros due to upstream dependencies change: Set()
[debug] No classes were invalidated.
[debug] Removing the temporary directory used for backing up class files: /private/tmp/eezo-zinc-lab/debug/target/scala-3.8.4/classes.bak
===LAB-TIMED	drop_derive_r1	270315
edit applied: reset
===LAB-BEGIN	settle_order_add_field_r1
[debug] [zinc] IncrementalCompile -----------
[debug] IncrementalCompile.incrementalCompile
[debug] previous = Stamps for: 67 products, 24 sources, 4 libraries
[debug] current source = Set(${BASE}/src/main/scala/app/Named1.scala, ${BASE}/src/main/scala/app/Unrelated4.scala, ${BASE}/src/main/scala/app/Unrelated5.scala, ${BASE}/src/main/scala/app/Consumer3.scala, ${BASE}/src/main/scala/app/Unrelated6.scala, ${BASE}/src/main/scala/model/User.scala, ${BASE}/src/main/scala/model/Typeclasses.scala, ${BASE}/src/main/scala/app/Consumer0.scala, ${BASE}/src/main/scala/app/Consumer1.scala, ${BASE}/src/main/scala/app/Named2.scala, ${BASE}/src/main/scala/app/Consumer2.scala, ${BASE}/src/main/scala/app/Named4.scala, ${BASE}/src/main/scala/app/OrderUse.scala, ${BASE}/src/main/scala/app/Unrelated0.scala, ${BASE}/src/main/scala/app/Consumer5.scala, ${BASE}/src/main/scala/app/Unrelated7.scala, ${BASE}/src/main/scala/app/Consumer4.scala, ${BASE}/src/main/scala/app/Named3.scala, ${BASE}/src/main/scala/app/Unrelated1.scala, ${BASE}/src/main/scala/app/Unrelated3.scala, ${BASE}/src/main/scala/app/Unrelated2.scala, ${BASE}/src/main/scala/model/OrderInstances.scala, ${BASE}/src/main/scala/app/Named0.scala, ${BASE}/src/main/scala/app/Named5.scala)
[debug] > initialChanges = InitialChanges(Changes(added = Set(), removed = Set(), changed = Set(${BASE}/src/main/scala/app/Consumer5.scala, ${BASE}/src/main/scala/app/Consumer2.scala, ${BASE}/src/main/scala/app/Consumer1.scala, ${BASE}/src/main/scala/app/Consumer4.scala, ${BASE}/src/main/scala/app/Consumer0.scala, ${BASE}/src/main/scala/app/Consumer3.scala, ${BASE}/src/main/scala/model/User.scala), unmodified = ...),Set(),Set(),API Changes: Set())
[debug] 
[debug] Initial source changes:
[debug] 	removed: Set()
[debug] 	added: Set()
[debug] 	modified: Set(${BASE}/src/main/scala/app/Consumer3.scala, ${BASE}/src/main/scala/model/User.scala, ${BASE}/src/main/scala/app/Consumer0.scala, ${BASE}/src/main/scala/app/Consumer1.scala, ${BASE}/src/main/scala/app/Consumer2.scala, ${BASE}/src/main/scala/app/Consumer5.scala, ${BASE}/src/main/scala/app/Consumer4.scala)
[debug] Invalidated products: Set()
[debug] External API changes: API Changes: Set()
[debug] Modified binary dependencies: Set()
[debug] Initial directly invalidated classes: Set(app.Consumer4, app.Consumer3, model.Order, app.Consumer2, app.Consumer5, app.Consumer1, app.Consumer0, model.User)
[debug] Sources indirectly invalidated by:
[debug] 	product: Set()
[debug] 	binary dep: Set()
[debug] 	external source: Set()
[debug] All initially invalidated classes: Set(app.Consumer4, app.Consumer3, model.Order, app.Consumer2, app.Consumer5, app.Consumer1, app.Consumer0, model.User)
[debug] All initially invalidated sources:Set(${BASE}/src/main/scala/app/Consumer3.scala, ${BASE}/src/main/scala/model/User.scala, ${BASE}/src/main/scala/app/Consumer0.scala, ${BASE}/src/main/scala/app/Consumer1.scala, ${BASE}/src/main/scala/app/Consumer2.scala, ${BASE}/src/main/scala/app/Consumer5.scala, ${BASE}/src/main/scala/app/Consumer4.scala)
[debug] Created transactional ClassFileManager with tempDir = /private/tmp/eezo-zinc-lab/debug/target/scala-3.8.4/classes.bak
[debug] Initial set of included nodes: app.Consumer4, app.Consumer3, model.Order, app.Consumer2, app.Consumer5, app.Consumer1, app.Consumer0, model.User
[debug] About to delete class files:
[debug] 	User$$anon$2.class
[debug] 	Consumer4.class
[debug] 	Consumer5$.class
[debug] 	Consumer0.class
[debug] 	Consumer3$.class
[debug] 	User$.class
[debug] 	Consumer2.class
[debug] 	Consumer0$.class
[debug] 	Order$.class
[debug] 	Order.class
[debug] 	Consumer4$.class
[debug] 	User$$anon$1.class
[debug] 	Consumer3.class
[debug] 	Consumer1.class
[debug] 	Consumer5.class
[debug] 	Consumer1$.class
[debug] 	Consumer2$.class
[debug] 	User$$anon$3.class
[debug] 	User.class
[debug] 	User$$anon$2.tasty
[debug] 	Consumer4.tasty
[debug] 	Consumer5$.tasty
[debug] 	Consumer0.tasty
[debug] 	Consumer3$.tasty
[debug] 	User$.tasty
[debug] 	Consumer2.tasty
[debug] 	Consumer0$.tasty
[debug] 	Order$.tasty
[debug] 	Order.tasty
[debug] 	Consumer4$.tasty
[debug] 	User$$anon$1.tasty
[debug] 	Consumer3.tasty
[debug] 	Consumer1.tasty
[debug] 	Consumer5.tasty
[debug] 	Consumer1$.tasty
[debug] 	Consumer2$.tasty
[debug] 	User$$anon$3.tasty
[debug] 	User.tasty
[debug] We backup class files:
[debug] 	User$$anon$2.class
[debug] 	Consumer4.class
[debug] 	Consumer5$.class
[debug] 	Consumer0.class
[debug] 	Consumer3$.class
[debug] 	User$.class
[debug] 	Consumer2.class
[debug] 	Consumer0$.class
[debug] 	Order$.class
[debug] 	Order.class
[debug] 	Consumer4$.class
[debug] 	User$$anon$1.class
[debug] 	Consumer3.class
[debug] 	Consumer1.class
[debug] 	Consumer5.class
[debug] 	Consumer1$.class
[debug] 	Consumer2$.class
[debug] 	User$$anon$3.class
[debug] 	User.class
[debug] 	User$$anon$2.tasty
[debug] 	Consumer4.tasty
[debug] 	Consumer5$.tasty
[debug] 	Consumer0.tasty
[debug] 	Consumer3$.tasty
[debug] 	User$.tasty
[debug] 	Consumer2.tasty
[debug] 	Consumer0$.tasty
[debug] 	Order$.tasty
[debug] 	Order.tasty
[debug] 	Consumer4$.tasty
[debug] 	User$$anon$1.tasty
[debug] 	Consumer3.tasty
[debug] 	Consumer1.tasty
[debug] 	Consumer5.tasty
[debug] 	Consumer1$.tasty
[debug] 	Consumer2$.tasty
[debug] 	User$$anon$3.tasty
[debug] 	User.tasty
[debug] compilation cycle 1
[info] compiling 7 Scala sources to /private/tmp/eezo-zinc-lab/debug/target/scala-3.8.4/classes ...
[debug] Returning already retrieved and compiled bridge: /Users/rcardin/Library/Caches/Coursier/v1/https/repo1.maven.org/maven2/org/scala-lang/scala3-sbt-bridge/3.8.4/scala3-sbt-bridge-3.8.4.jar.
[debug] [zinc] Running cached compiler 3bcdf347 for Scala Compiler version 3.8.4
[debug] [zinc] The Scala compiler is invoked with:
[debug] 	-classpath
[debug] 	/private/tmp/eezo-zinc-lab/debug/target/scala-3.8.4/classes:/Users/rcardin/Library/Caches/Coursier/v1/https/repo1.maven.org/maven2/org/scala-lang/scala3-library_3/3.8.4/scala3-library_3-3.8.4.jar:/Users/rcardin/Library/Caches/Coursier/v1/https/repo1.maven.org/maven2/org/scala-lang/scala-library/3.8.4/scala-library-3.8.4.jar
[debug] Scala compilation took 0.118104041 s
[info] done compiling
[debug] Registering generated classes:
[debug] 	User$$anon$2.class
[debug] 	Consumer4.class
[debug] 	Consumer5$.class
[debug] 	Consumer0.class
[debug] 	Consumer3$.class
[debug] 	User$.class
[debug] 	Consumer2.class
[debug] 	Consumer0$.class
[debug] 	Order$.class
[debug] 	User$$anon$4.class
[debug] 	Order.class
[debug] 	Consumer4$.class
[debug] 	User$$anon$1.class
[debug] 	Consumer3.class
[debug] 	Consumer1.class
[debug] 	Consumer5.class
[debug] 	Consumer1$.class
[debug] 	Consumer2$.class
[debug] 	User$$anon$3.class
[debug] 	User.class
[debug] 	User$$anon$2.tasty
[debug] 	Consumer4.tasty
[debug] 	Consumer5$.tasty
[debug] 	Consumer0.tasty
[debug] 	Consumer3$.tasty
[debug] 	User$.tasty
[debug] 	Consumer2.tasty
[debug] 	Consumer0$.tasty
[debug] 	Order$.tasty
[debug] 	User$$anon$4.tasty
[debug] 	Order.tasty
[debug] 	Consumer4$.tasty
[debug] 	User$$anon$1.tasty
[debug] 	Consumer3.tasty
[debug] 	Consumer1.tasty
[debug] 	Consumer5.tasty
[debug] 	Consumer1$.tasty
[debug] 	Consumer2$.tasty
[debug] 	User$$anon$3.tasty
[debug] 	User.tasty
[debug] Invalidating (transitively) by inheritance from model.User...
[debug] Initial set of included nodes: model.User
[debug] Invalidated by transitive inheritance dependency: Set(model.User)
[debug] The following member ref dependencies of model.User are invalidated:
[debug] 	app.Consumer0
[debug] 	app.Consumer1
[debug] 	app.Consumer2
[debug] 	app.Consumer3
[debug] 	app.Consumer4
[debug] 	app.Consumer5
[debug] 	app.Named0
[debug] 	app.Named1
[debug] 	app.Named2
[debug] 	app.Named3
[debug] 	app.Named4
[debug] 	app.Named5
[debug] Change NamesChange(model.User,ModifiedNames(changes = UsedName(derived$Resource,[Implicit]))) invalidates 13 classes due to The model.User has the following implicit definitions changed:
[debug] 	UsedName(derived$Resource,[Implicit]).
[debug]   > by transitive inheritance: Set(model.User)
[debug]   > 
[debug]   > by member reference: Set(app.Named3, app.Consumer4, app.Consumer3, app.Named5, app.Named2, app.Consumer2, app.Consumer5, app.Named1, app.Consumer1, app.Named4, app.Consumer0, app.Named0)
[debug]   > 
[debug]         
[debug] New invalidations:
[debug] 	app.Named3
[debug] 	app.Consumer4
[debug] 	app.Consumer3
[debug] 	app.Named5
[debug] 	app.Named2
[debug] 	app.Consumer2
[debug] 	app.Consumer5
[debug] 	app.Named1
[debug] 	app.Consumer1
[debug] 	app.Named4
[debug] 	app.Consumer0
[debug] 	app.Named0
[debug] Initial set of included nodes: app.Named3, app.Consumer4, app.Consumer3, app.Named5, app.Named2, app.Consumer2, app.Consumer5, app.Named1, app.Consumer1, app.Named4, app.Consumer0, app.Named0
[debug] Previously invalidated, but (transitively) depend on new invalidations:
[debug] Final step, transitive dependencies:
[debug] 	Set(app.Named3, app.Consumer4, app.Consumer3, app.Named5, app.Named2, app.Consumer2, app.Consumer5, app.Named1, app.Consumer1, app.Named4, app.Consumer0, app.Named0)
[debug] Initial set of included nodes: app.Consumer4, app.Consumer3, model.Order, app.Consumer2, app.Consumer5, app.Consumer1, app.Consumer0, model.User
[debug] Including model.OrderInstances$package by model.Order
[debug] Including app.OrderUse by model.OrderInstances$package
[debug] Including app.Named3 by model.User
[debug] Including app.Named5 by model.User
[debug] Including app.Named2 by model.User
[debug] Including app.Named1 by model.User
[debug] Including app.Named4 by model.User
[debug] Including app.Named0 by model.User
[debug] Invalidated macros due to upstream dependencies change: Set()
[debug] Initial set of included nodes: app.Named3, app.Consumer4, app.Consumer3, app.Named5, app.Named2, app.Consumer2, app.Consumer5, app.Named1, app.Consumer1, app.Named4, app.Consumer0, app.Named0
[debug] About to delete class files:
[debug] 	Named2.class
[debug] 	Consumer4.class
[debug] 	Consumer5$.class
[debug] 	Consumer0.class
[debug] 	Consumer3$.class
[debug] 	Named1$.class
[debug] 	Named3$.class
[debug] 	Consumer2.class
[debug] 	Consumer0$.class
[debug] 	Consumer4$.class
[debug] 	Named0.class
[debug] 	Named4.class
[debug] 	Named3.class
[debug] 	Named2$.class
[debug] 	Named0$.class
[debug] 	Consumer3.class
[debug] 	Consumer1.class
[debug] 	Consumer5.class
[debug] 	Consumer1$.class
[debug] 	Consumer2$.class
[debug] 	Named5.class
[debug] 	Named5$.class
[debug] 	Named4$.class
[debug] 	Named1.class
[debug] 	Named2.tasty
[debug] 	Consumer4.tasty
[debug] 	Consumer5$.tasty
[debug] 	Consumer0.tasty
[debug] 	Consumer3$.tasty
[debug] 	Named1$.tasty
[debug] 	Named3$.tasty
[debug] 	Consumer2.tasty
[debug] 	Consumer0$.tasty
[debug] 	Consumer4$.tasty
[debug] 	Named0.tasty
[debug] 	Named4.tasty
[debug] 	Named3.tasty
[debug] 	Named2$.tasty
[debug] 	Named0$.tasty
[debug] 	Consumer3.tasty
[debug] 	Consumer1.tasty
[debug] 	Consumer5.tasty
[debug] 	Consumer1$.tasty
[debug] 	Consumer2$.tasty
[debug] 	Named5.tasty
[debug] 	Named5$.tasty
[debug] 	Named4$.tasty
[debug] 	Named1.tasty
[debug] We backup class files:
[debug] 	Named2.class
[debug] 	Named1$.class
[debug] 	Named3$.class
[debug] 	Named0.class
[debug] 	Named4.class
[debug] 	Named3.class
[debug] 	Named2$.class
[debug] 	Named0$.class
[debug] 	Named5.class
[debug] 	Named5$.class
[debug] 	Named4$.class
[debug] 	Named1.class
[debug] 	Named2.tasty
[debug] 	Named1$.tasty
[debug] 	Named3$.tasty
[debug] 	Named0.tasty
[debug] 	Named4.tasty
[debug] 	Named3.tasty
[debug] 	Named2$.tasty
[debug] 	Named0$.tasty
[debug] 	Named5.tasty
[debug] 	Named5$.tasty
[debug] 	Named4$.tasty
[debug] 	Named1.tasty
[debug] compilation cycle 2
[info] compiling 12 Scala sources to /private/tmp/eezo-zinc-lab/debug/target/scala-3.8.4/classes ...
[debug] Returning already retrieved and compiled bridge: /Users/rcardin/Library/Caches/Coursier/v1/https/repo1.maven.org/maven2/org/scala-lang/scala3-sbt-bridge/3.8.4/scala3-sbt-bridge-3.8.4.jar.
[debug] [zinc] Running cached compiler 6aecc132 for Scala Compiler version 3.8.4
[debug] [zinc] The Scala compiler is invoked with:
[debug] 	-classpath
[debug] 	/private/tmp/eezo-zinc-lab/debug/target/scala-3.8.4/classes:/Users/rcardin/Library/Caches/Coursier/v1/https/repo1.maven.org/maven2/org/scala-lang/scala3-library_3/3.8.4/scala3-library_3-3.8.4.jar:/Users/rcardin/Library/Caches/Coursier/v1/https/repo1.maven.org/maven2/org/scala-lang/scala-library/3.8.4/scala-library-3.8.4.jar
[debug] Scala compilation took 0.082606333 s
[info] done compiling
[debug] Registering generated classes:
[debug] 	Named2.class
[debug] 	Consumer4.class
[debug] 	Consumer5$.class
[debug] 	Consumer0.class
[debug] 	Consumer3$.class
[debug] 	Named1$.class
[debug] 	Named3$.class
[debug] 	Consumer2.class
[debug] 	Consumer0$.class
[debug] 	Consumer4$.class
[debug] 	Named0.class
[debug] 	Named4.class
[debug] 	Named3.class
[debug] 	Named2$.class
[debug] 	Named0$.class
[debug] 	Consumer3.class
[debug] 	Consumer1.class
[debug] 	Consumer5.class
[debug] 	Consumer1$.class
[debug] 	Consumer2$.class
[debug] 	Named5.class
[debug] 	Named5$.class
[debug] 	Named4$.class
[debug] 	Named1.class
[debug] 	Named2.tasty
[debug] 	Consumer4.tasty
[debug] 	Consumer5$.tasty
[debug] 	Consumer0.tasty
[debug] 	Consumer3$.tasty
[debug] 	Named1$.tasty
[debug] 	Named3$.tasty
[debug] 	Consumer2.tasty
[debug] 	Consumer0$.tasty
[debug] 	Consumer4$.tasty
[debug] 	Named0.tasty
[debug] 	Named4.tasty
[debug] 	Named3.tasty
[debug] 	Named2$.tasty
[debug] 	Named0$.tasty
[debug] 	Consumer3.tasty
[debug] 	Consumer1.tasty
[debug] 	Consumer5.tasty
[debug] 	Consumer1$.tasty
[debug] 	Consumer2$.tasty
[debug] 	Named5.tasty
[debug] 	Named5$.tasty
[debug] 	Named4$.tasty
[debug] 	Named1.tasty
[debug] New invalidations:
[debug] Initial set of included nodes: 
[debug] Previously invalidated, but (transitively) depend on new invalidations:
[debug] Final step, transitive dependencies:
[debug] 	Set()
[debug] Initial set of included nodes: app.Named3, app.Consumer4, app.Consumer3, app.Named5, app.Named2, app.Consumer2, app.Consumer5, app.Named1, app.Consumer1, app.Named4, app.Consumer0, app.Named0
[debug] Invalidated macros due to upstream dependencies change: Set()
[debug] No classes were invalidated.
[debug] Removing the temporary directory used for backing up class files: /private/tmp/eezo-zinc-lab/debug/target/scala-3.8.4/classes.bak
===LAB-TIMED	settle_order_add_field_r1	266684
edit applied: order_add_field
===LAB-BEGIN	order_add_field_r1
[debug] [zinc] IncrementalCompile -----------
[debug] IncrementalCompile.incrementalCompile
[debug] previous = Stamps for: 68 products, 24 sources, 5 libraries
[debug] current source = Set(${BASE}/src/main/scala/app/Named1.scala, ${BASE}/src/main/scala/app/Unrelated4.scala, ${BASE}/src/main/scala/app/Unrelated5.scala, ${BASE}/src/main/scala/app/Consumer3.scala, ${BASE}/src/main/scala/app/Unrelated6.scala, ${BASE}/src/main/scala/model/User.scala, ${BASE}/src/main/scala/model/Typeclasses.scala, ${BASE}/src/main/scala/app/Consumer0.scala, ${BASE}/src/main/scala/app/Consumer1.scala, ${BASE}/src/main/scala/app/Named2.scala, ${BASE}/src/main/scala/app/Consumer2.scala, ${BASE}/src/main/scala/app/Named4.scala, ${BASE}/src/main/scala/app/OrderUse.scala, ${BASE}/src/main/scala/app/Unrelated0.scala, ${BASE}/src/main/scala/app/Consumer5.scala, ${BASE}/src/main/scala/app/Unrelated7.scala, ${BASE}/src/main/scala/app/Consumer4.scala, ${BASE}/src/main/scala/app/Named3.scala, ${BASE}/src/main/scala/app/Unrelated1.scala, ${BASE}/src/main/scala/app/Unrelated3.scala, ${BASE}/src/main/scala/app/Unrelated2.scala, ${BASE}/src/main/scala/model/OrderInstances.scala, ${BASE}/src/main/scala/app/Named0.scala, ${BASE}/src/main/scala/app/Named5.scala)
[debug] > initialChanges = InitialChanges(Changes(added = Set(), removed = Set(), changed = Set(${BASE}/src/main/scala/model/User.scala), unmodified = ...),Set(),Set(),API Changes: Set())
[debug] 
[debug] Initial source changes:
[debug] 	removed: Set()
[debug] 	added: Set()
[debug] 	modified: Set(${BASE}/src/main/scala/model/User.scala)
[debug] Invalidated products: Set()
[debug] External API changes: API Changes: Set()
[debug] Modified binary dependencies: Set()
[debug] Initial directly invalidated classes: Set(model.Order, model.User)
[debug] Sources indirectly invalidated by:
[debug] 	product: Set()
[debug] 	binary dep: Set()
[debug] 	external source: Set()
[debug] All initially invalidated classes: Set(model.Order, model.User)
[debug] All initially invalidated sources:Set(${BASE}/src/main/scala/model/User.scala)
[debug] Created transactional ClassFileManager with tempDir = /private/tmp/eezo-zinc-lab/debug/target/scala-3.8.4/classes.bak
[debug] Initial set of included nodes: model.Order, model.User
[debug] About to delete class files:
[debug] 	User$$anon$2.class
[debug] 	User$.class
[debug] 	Order$.class
[debug] 	User$$anon$4.class
[debug] 	Order.class
[debug] 	User$$anon$1.class
[debug] 	User$$anon$3.class
[debug] 	User.class
[debug] 	User$$anon$2.tasty
[debug] 	User$.tasty
[debug] 	Order$.tasty
[debug] 	User$$anon$4.tasty
[debug] 	Order.tasty
[debug] 	User$$anon$1.tasty
[debug] 	User$$anon$3.tasty
[debug] 	User.tasty
[debug] We backup class files:
[debug] 	User$$anon$2.class
[debug] 	User$.class
[debug] 	Order$.class
[debug] 	User$$anon$4.class
[debug] 	Order.class
[debug] 	User$$anon$1.class
[debug] 	User$$anon$3.class
[debug] 	User.class
[debug] 	User$$anon$2.tasty
[debug] 	User$.tasty
[debug] 	Order$.tasty
[debug] 	User$$anon$4.tasty
[debug] 	Order.tasty
[debug] 	User$$anon$1.tasty
[debug] 	User$$anon$3.tasty
[debug] 	User.tasty
[debug] compilation cycle 1
[info] compiling 1 Scala source to /private/tmp/eezo-zinc-lab/debug/target/scala-3.8.4/classes ...
[debug] Returning already retrieved and compiled bridge: /Users/rcardin/Library/Caches/Coursier/v1/https/repo1.maven.org/maven2/org/scala-lang/scala3-sbt-bridge/3.8.4/scala3-sbt-bridge-3.8.4.jar.
[debug] [zinc] Running cached compiler 3a0634e6 for Scala Compiler version 3.8.4
[debug] [zinc] The Scala compiler is invoked with:
[debug] 	-classpath
[debug] 	/private/tmp/eezo-zinc-lab/debug/target/scala-3.8.4/classes:/Users/rcardin/Library/Caches/Coursier/v1/https/repo1.maven.org/maven2/org/scala-lang/scala3-library_3/3.8.4/scala3-library_3-3.8.4.jar:/Users/rcardin/Library/Caches/Coursier/v1/https/repo1.maven.org/maven2/org/scala-lang/scala-library/3.8.4/scala-library-3.8.4.jar
[debug] Scala compilation took 0.091646292 s
[info] done compiling
[debug] Registering generated classes:
[debug] 	User$$anon$2.class
[debug] 	User$.class
[debug] 	Order$.class
[debug] 	User$$anon$4.class
[debug] 	Order.class
[debug] 	User$$anon$1.class
[debug] 	User$$anon$3.class
[debug] 	User.class
[debug] 	User$$anon$2.tasty
[debug] 	User$.tasty
[debug] 	Order$.tasty
[debug] 	User$$anon$4.tasty
[debug] 	Order.tasty
[debug] 	User$$anon$1.tasty
[debug] 	User$$anon$3.tasty
[debug] 	User.tasty
[debug] Invalidating (transitively) by inheritance from model.Order...
[debug] Initial set of included nodes: model.Order
[debug] Invalidated by transitive inheritance dependency: Set(model.Order)
[debug] The following modified names cause invalidation of model.OrderInstances$package: [UsedName(model;Order;init;,[Default])]
[debug] None of the modified names appears in source file of app.OrderUse. This dependency is not being considered for invalidation.
[debug] Change NamesChange(model.Order,ModifiedNames(changes = UsedName(copy$default$6,[Default]), UsedName(copy,[Default]), UsedName(ref,[Default]), UsedName(_6,[Default]), UsedName(apply,[Default]), UsedName(model;Order;init;,[Default]))) invalidates 2 classes due to The model.Order has the following regular definitions changed:
[debug] 	UsedName(copy$default$6,[Default]), UsedName(copy,[Default]), UsedName(ref,[Default]), UsedName(_6,[Default]), UsedName(apply,[Default]), UsedName(model;Order;init;,[Default]).
[debug]   > by transitive inheritance: Set(model.Order)
[debug]   > 
[debug]   > by member reference: Set(model.OrderInstances$package)
[debug]   > 
[debug]         
[debug] New invalidations:
[debug] 	model.OrderInstances$package
[debug] Initial set of included nodes: model.OrderInstances$package
[debug] Including app.OrderUse by model.OrderInstances$package
[debug] Previously invalidated, but (transitively) depend on new invalidations:
[debug] Final step, transitive dependencies:
[debug] 	Set(model.OrderInstances$package)
[debug] Initial set of included nodes: model.Order, model.User
[debug] Including model.OrderInstances$package by model.Order
[debug] Including app.OrderUse by model.OrderInstances$package
[debug] Including app.Named3 by model.User
[debug] Including app.Consumer4 by model.User
[debug] Including app.Consumer3 by model.User
[debug] Including app.Named5 by model.User
[debug] Including app.Named2 by model.User
[debug] Including app.Consumer2 by model.User
[debug] Including app.Consumer5 by model.User
[debug] Including app.Named1 by model.User
[debug] Including app.Consumer1 by model.User
[debug] Including app.Named4 by model.User
[debug] Including app.Consumer0 by model.User
[debug] Including app.Named0 by model.User
[debug] Invalidated macros due to upstream dependencies change: Set()
[debug] Initial set of included nodes: model.OrderInstances$package
[debug] About to delete class files:
[debug] 	OrderInstances$package$.class
[debug] 	OrderInstances$package$$anon$1.class
[debug] 	OrderInstances$package$$anon$2.class
[debug] 	OrderInstances$package.class
[debug] 	OrderInstances$package$.tasty
[debug] 	OrderInstances$package$$anon$1.tasty
[debug] 	OrderInstances$package$$anon$2.tasty
[debug] 	OrderInstances$package.tasty
[debug] We backup class files:
[debug] 	OrderInstances$package$.class
[debug] 	OrderInstances$package$$anon$1.class
[debug] 	OrderInstances$package$$anon$2.class
[debug] 	OrderInstances$package.class
[debug] 	OrderInstances$package$.tasty
[debug] 	OrderInstances$package$$anon$1.tasty
[debug] 	OrderInstances$package$$anon$2.tasty
[debug] 	OrderInstances$package.tasty
[debug] compilation cycle 2
[info] compiling 1 Scala source to /private/tmp/eezo-zinc-lab/debug/target/scala-3.8.4/classes ...
[debug] Returning already retrieved and compiled bridge: /Users/rcardin/Library/Caches/Coursier/v1/https/repo1.maven.org/maven2/org/scala-lang/scala3-sbt-bridge/3.8.4/scala3-sbt-bridge-3.8.4.jar.
[debug] [zinc] Running cached compiler 5386d2e2 for Scala Compiler version 3.8.4
[debug] [zinc] The Scala compiler is invoked with:
[debug] 	-classpath
[debug] 	/private/tmp/eezo-zinc-lab/debug/target/scala-3.8.4/classes:/Users/rcardin/Library/Caches/Coursier/v1/https/repo1.maven.org/maven2/org/scala-lang/scala3-library_3/3.8.4/scala3-library_3-3.8.4.jar:/Users/rcardin/Library/Caches/Coursier/v1/https/repo1.maven.org/maven2/org/scala-lang/scala-library/3.8.4/scala-library-3.8.4.jar
[debug] Scala compilation took 0.070980167 s
[info] done compiling
[debug] Registering generated classes:
[debug] 	OrderInstances$package$.class
[debug] 	OrderInstances$package$$anon$1.class
[debug] 	OrderInstances$package$$anon$2.class
[debug] 	OrderInstances$package.class
[debug] 	OrderInstances$package$.tasty
[debug] 	OrderInstances$package$$anon$1.tasty
[debug] 	OrderInstances$package$$anon$2.tasty
[debug] 	OrderInstances$package.tasty
[debug] New invalidations:
[debug] Initial set of included nodes: 
[debug] Previously invalidated, but (transitively) depend on new invalidations:
[debug] Final step, transitive dependencies:
[debug] 	Set()
[debug] Initial set of included nodes: model.OrderInstances$package
[debug] Including app.OrderUse by model.OrderInstances$package
[debug] Invalidated macros due to upstream dependencies change: Set()
[debug] No classes were invalidated.
[debug] Removing the temporary directory used for backing up class files: /private/tmp/eezo-zinc-lab/debug/target/scala-3.8.4/classes.bak
===LAB-TIMED	order_add_field_r1	198184
edit applied: reset
===LAB-BEGIN	settle_inline_body_r1
[debug] [zinc] IncrementalCompile -----------
[debug] IncrementalCompile.incrementalCompile
[debug] previous = Stamps for: 68 products, 24 sources, 5 libraries
[debug] current source = Set(${BASE}/src/main/scala/app/Named1.scala, ${BASE}/src/main/scala/app/Unrelated4.scala, ${BASE}/src/main/scala/app/Unrelated5.scala, ${BASE}/src/main/scala/app/Consumer3.scala, ${BASE}/src/main/scala/app/Unrelated6.scala, ${BASE}/src/main/scala/model/User.scala, ${BASE}/src/main/scala/model/Typeclasses.scala, ${BASE}/src/main/scala/app/Consumer0.scala, ${BASE}/src/main/scala/app/Consumer1.scala, ${BASE}/src/main/scala/app/Named2.scala, ${BASE}/src/main/scala/app/Consumer2.scala, ${BASE}/src/main/scala/app/Named4.scala, ${BASE}/src/main/scala/app/OrderUse.scala, ${BASE}/src/main/scala/app/Unrelated0.scala, ${BASE}/src/main/scala/app/Consumer5.scala, ${BASE}/src/main/scala/app/Unrelated7.scala, ${BASE}/src/main/scala/app/Consumer4.scala, ${BASE}/src/main/scala/app/Named3.scala, ${BASE}/src/main/scala/app/Unrelated1.scala, ${BASE}/src/main/scala/app/Unrelated3.scala, ${BASE}/src/main/scala/app/Unrelated2.scala, ${BASE}/src/main/scala/model/OrderInstances.scala, ${BASE}/src/main/scala/app/Named0.scala, ${BASE}/src/main/scala/app/Named5.scala)
[debug] > initialChanges = InitialChanges(Changes(added = Set(), removed = Set(), changed = Set(${BASE}/src/main/scala/model/User.scala), unmodified = ...),Set(),Set(),API Changes: Set())
[debug] 
[debug] Initial source changes:
[debug] 	removed: Set()
[debug] 	added: Set()
[debug] 	modified: Set(${BASE}/src/main/scala/model/User.scala)
[debug] Invalidated products: Set()
[debug] External API changes: API Changes: Set()
[debug] Modified binary dependencies: Set()
[debug] Initial directly invalidated classes: Set(model.Order, model.User)
[debug] Sources indirectly invalidated by:
[debug] 	product: Set()
[debug] 	binary dep: Set()
[debug] 	external source: Set()
[debug] All initially invalidated classes: Set(model.Order, model.User)
[debug] All initially invalidated sources:Set(${BASE}/src/main/scala/model/User.scala)
[debug] Created transactional ClassFileManager with tempDir = /private/tmp/eezo-zinc-lab/debug/target/scala-3.8.4/classes.bak
[debug] Initial set of included nodes: model.Order, model.User
[debug] About to delete class files:
[debug] 	User$$anon$2.class
[debug] 	User$.class
[debug] 	Order$.class
[debug] 	User$$anon$4.class
[debug] 	Order.class
[debug] 	User$$anon$1.class
[debug] 	User$$anon$3.class
[debug] 	User.class
[debug] 	User$$anon$2.tasty
[debug] 	User$.tasty
[debug] 	Order$.tasty
[debug] 	User$$anon$4.tasty
[debug] 	Order.tasty
[debug] 	User$$anon$1.tasty
[debug] 	User$$anon$3.tasty
[debug] 	User.tasty
[debug] We backup class files:
[debug] 	User$$anon$2.class
[debug] 	User$.class
[debug] 	Order$.class
[debug] 	User$$anon$4.class
[debug] 	Order.class
[debug] 	User$$anon$1.class
[debug] 	User$$anon$3.class
[debug] 	User.class
[debug] 	User$$anon$2.tasty
[debug] 	User$.tasty
[debug] 	Order$.tasty
[debug] 	User$$anon$4.tasty
[debug] 	Order.tasty
[debug] 	User$$anon$1.tasty
[debug] 	User$$anon$3.tasty
[debug] 	User.tasty
[debug] compilation cycle 1
[info] compiling 1 Scala source to /private/tmp/eezo-zinc-lab/debug/target/scala-3.8.4/classes ...
[debug] Returning already retrieved and compiled bridge: /Users/rcardin/Library/Caches/Coursier/v1/https/repo1.maven.org/maven2/org/scala-lang/scala3-sbt-bridge/3.8.4/scala3-sbt-bridge-3.8.4.jar.
[debug] [zinc] Running cached compiler 31382727 for Scala Compiler version 3.8.4
[debug] [zinc] The Scala compiler is invoked with:
[debug] 	-classpath
[debug] 	/private/tmp/eezo-zinc-lab/debug/target/scala-3.8.4/classes:/Users/rcardin/Library/Caches/Coursier/v1/https/repo1.maven.org/maven2/org/scala-lang/scala3-library_3/3.8.4/scala3-library_3-3.8.4.jar:/Users/rcardin/Library/Caches/Coursier/v1/https/repo1.maven.org/maven2/org/scala-lang/scala-library/3.8.4/scala-library-3.8.4.jar
[debug] Scala compilation took 0.093127708 s
[info] done compiling
[debug] Registering generated classes:
[debug] 	User$$anon$2.class
[debug] 	User$.class
[debug] 	Order$.class
[debug] 	User$$anon$4.class
[debug] 	Order.class
[debug] 	User$$anon$1.class
[debug] 	User$$anon$3.class
[debug] 	User.class
[debug] 	User$$anon$2.tasty
[debug] 	User$.tasty
[debug] 	Order$.tasty
[debug] 	User$$anon$4.tasty
[debug] 	Order.tasty
[debug] 	User$$anon$1.tasty
[debug] 	User$$anon$3.tasty
[debug] 	User.tasty
[debug] Invalidating (transitively) by inheritance from model.Order...
[debug] Initial set of included nodes: model.Order
[debug] Invalidated by transitive inheritance dependency: Set(model.Order)
[debug] The following modified names cause invalidation of model.OrderInstances$package: [UsedName(model;Order;init;,[Default])]
[debug] None of the modified names appears in source file of app.OrderUse. This dependency is not being considered for invalidation.
[debug] Change NamesChange(model.Order,ModifiedNames(changes = UsedName(copy$default$6,[Default]), UsedName(copy,[Default]), UsedName(ref,[Default]), UsedName(_6,[Default]), UsedName(apply,[Default]), UsedName(model;Order;init;,[Default]))) invalidates 2 classes due to The model.Order has the following regular definitions changed:
[debug] 	UsedName(copy$default$6,[Default]), UsedName(copy,[Default]), UsedName(ref,[Default]), UsedName(_6,[Default]), UsedName(apply,[Default]), UsedName(model;Order;init;,[Default]).
[debug]   > by transitive inheritance: Set(model.Order)
[debug]   > 
[debug]   > by member reference: Set(model.OrderInstances$package)
[debug]   > 
[debug]         
[debug] New invalidations:
[debug] 	model.OrderInstances$package
[debug] Initial set of included nodes: model.OrderInstances$package
[debug] Including app.OrderUse by model.OrderInstances$package
[debug] Previously invalidated, but (transitively) depend on new invalidations:
[debug] Final step, transitive dependencies:
[debug] 	Set(model.OrderInstances$package)
[debug] Initial set of included nodes: model.Order, model.User
[debug] Including model.OrderInstances$package by model.Order
[debug] Including app.OrderUse by model.OrderInstances$package
[debug] Including app.Named3 by model.User
[debug] Including app.Consumer4 by model.User
[debug] Including app.Consumer3 by model.User
[debug] Including app.Named5 by model.User
[debug] Including app.Named2 by model.User
[debug] Including app.Consumer2 by model.User
[debug] Including app.Consumer5 by model.User
[debug] Including app.Named1 by model.User
[debug] Including app.Consumer1 by model.User
[debug] Including app.Named4 by model.User
[debug] Including app.Consumer0 by model.User
[debug] Including app.Named0 by model.User
[debug] Invalidated macros due to upstream dependencies change: Set()
[debug] Initial set of included nodes: model.OrderInstances$package
[debug] About to delete class files:
[debug] 	OrderInstances$package$.class
[debug] 	OrderInstances$package$$anon$1.class
[debug] 	OrderInstances$package$$anon$2.class
[debug] 	OrderInstances$package.class
[debug] 	OrderInstances$package$.tasty
[debug] 	OrderInstances$package$$anon$1.tasty
[debug] 	OrderInstances$package$$anon$2.tasty
[debug] 	OrderInstances$package.tasty
[debug] We backup class files:
[debug] 	OrderInstances$package$.class
[debug] 	OrderInstances$package$$anon$1.class
[debug] 	OrderInstances$package$$anon$2.class
[debug] 	OrderInstances$package.class
[debug] 	OrderInstances$package$.tasty
[debug] 	OrderInstances$package$$anon$1.tasty
[debug] 	OrderInstances$package$$anon$2.tasty
[debug] 	OrderInstances$package.tasty
[debug] compilation cycle 2
[info] compiling 1 Scala source to /private/tmp/eezo-zinc-lab/debug/target/scala-3.8.4/classes ...
[debug] Returning already retrieved and compiled bridge: /Users/rcardin/Library/Caches/Coursier/v1/https/repo1.maven.org/maven2/org/scala-lang/scala3-sbt-bridge/3.8.4/scala3-sbt-bridge-3.8.4.jar.
[debug] [zinc] Running cached compiler 7520fe33 for Scala Compiler version 3.8.4
[debug] [zinc] The Scala compiler is invoked with:
[debug] 	-classpath
[debug] 	/private/tmp/eezo-zinc-lab/debug/target/scala-3.8.4/classes:/Users/rcardin/Library/Caches/Coursier/v1/https/repo1.maven.org/maven2/org/scala-lang/scala3-library_3/3.8.4/scala3-library_3-3.8.4.jar:/Users/rcardin/Library/Caches/Coursier/v1/https/repo1.maven.org/maven2/org/scala-lang/scala-library/3.8.4/scala-library-3.8.4.jar
[debug] Scala compilation took 0.069760583 s
[info] done compiling
[debug] Registering generated classes:
[debug] 	OrderInstances$package$.class
[debug] 	OrderInstances$package$$anon$1.class
[debug] 	OrderInstances$package$$anon$2.class
[debug] 	OrderInstances$package.class
[debug] 	OrderInstances$package$.tasty
[debug] 	OrderInstances$package$$anon$1.tasty
[debug] 	OrderInstances$package$$anon$2.tasty
[debug] 	OrderInstances$package.tasty
[debug] New invalidations:
[debug] Initial set of included nodes: 
[debug] Previously invalidated, but (transitively) depend on new invalidations:
[debug] Final step, transitive dependencies:
[debug] 	Set()
[debug] Initial set of included nodes: model.OrderInstances$package
[debug] Including app.OrderUse by model.OrderInstances$package
[debug] Invalidated macros due to upstream dependencies change: Set()
[debug] No classes were invalidated.
[debug] Removing the temporary directory used for backing up class files: /private/tmp/eezo-zinc-lab/debug/target/scala-3.8.4/classes.bak
===LAB-TIMED	settle_inline_body_r1	198498
edit applied: inline_body
===LAB-BEGIN	inline_body_r1
[debug] [zinc] IncrementalCompile -----------
[debug] IncrementalCompile.incrementalCompile
[debug] previous = Stamps for: 68 products, 24 sources, 5 libraries
[debug] current source = Set(${BASE}/src/main/scala/app/Named1.scala, ${BASE}/src/main/scala/app/Unrelated4.scala, ${BASE}/src/main/scala/app/Unrelated5.scala, ${BASE}/src/main/scala/app/Consumer3.scala, ${BASE}/src/main/scala/app/Unrelated6.scala, ${BASE}/src/main/scala/model/User.scala, ${BASE}/src/main/scala/model/Typeclasses.scala, ${BASE}/src/main/scala/app/Consumer0.scala, ${BASE}/src/main/scala/app/Consumer1.scala, ${BASE}/src/main/scala/app/Named2.scala, ${BASE}/src/main/scala/app/Consumer2.scala, ${BASE}/src/main/scala/app/Named4.scala, ${BASE}/src/main/scala/app/OrderUse.scala, ${BASE}/src/main/scala/app/Unrelated0.scala, ${BASE}/src/main/scala/app/Consumer5.scala, ${BASE}/src/main/scala/app/Unrelated7.scala, ${BASE}/src/main/scala/app/Consumer4.scala, ${BASE}/src/main/scala/app/Named3.scala, ${BASE}/src/main/scala/app/Unrelated1.scala, ${BASE}/src/main/scala/app/Unrelated3.scala, ${BASE}/src/main/scala/app/Unrelated2.scala, ${BASE}/src/main/scala/model/OrderInstances.scala, ${BASE}/src/main/scala/app/Named0.scala, ${BASE}/src/main/scala/app/Named5.scala)
[debug] > initialChanges = InitialChanges(Changes(added = Set(), removed = Set(), changed = Set(${BASE}/src/main/scala/model/Typeclasses.scala), unmodified = ...),Set(),Set(),API Changes: Set())
[debug] 
[debug] Initial source changes:
[debug] 	removed: Set()
[debug] 	added: Set()
[debug] 	modified: Set(${BASE}/src/main/scala/model/Typeclasses.scala)
[debug] Invalidated products: Set()
[debug] External API changes: API Changes: Set()
[debug] Modified binary dependencies: Set()
[debug] Initial directly invalidated classes: Set(model.Show, model.Codec$.given_Codec_Boolean, model.Codec$.given_Codec_String, model.Resource, model.Table, model.Codec$.given_Codec_Int, model.Codec$.given_Codec_Long, model.Form, model.Codec)
[debug] Sources indirectly invalidated by:
[debug] 	product: Set()
[debug] 	binary dep: Set()
[debug] 	external source: Set()
[debug] All initially invalidated classes: Set(model.Show, model.Codec$.given_Codec_Boolean, model.Codec$.given_Codec_String, model.Resource, model.Table, model.Codec$.given_Codec_Int, model.Codec$.given_Codec_Long, model.Form, model.Codec)
[debug] All initially invalidated sources:Set(${BASE}/src/main/scala/model/Typeclasses.scala)
[debug] Created transactional ClassFileManager with tempDir = /private/tmp/eezo-zinc-lab/debug/target/scala-3.8.4/classes.bak
[debug] Initial set of included nodes: model.Show, model.Codec$.given_Codec_Boolean, model.Codec$.given_Codec_String, model.Resource, model.Table, model.Codec$.given_Codec_Int, model.Codec$.given_Codec_Long, model.Form, model.Codec
[debug] About to delete class files:
[debug] 	Codec$given_Codec_String$.class
[debug] 	Codec$.class
[debug] 	Resource.class
[debug] 	Form$.class
[debug] 	Show.class
[debug] 	Codec.class
[debug] 	Form.class
[debug] 	Codec$given_Codec_Boolean$.class
[debug] 	Codec$given_Codec_Long$.class
[debug] 	Resource$.class
[debug] 	Table.class
[debug] 	Codec$given_Codec_Int$.class
[debug] 	Show$.class
[debug] 	Table$.class
[debug] 	Codec$given_Codec_String$.tasty
[debug] 	Codec$.tasty
[debug] 	Resource.tasty
[debug] 	Form$.tasty
[debug] 	Show.tasty
[debug] 	Codec.tasty
[debug] 	Form.tasty
[debug] 	Codec$given_Codec_Boolean$.tasty
[debug] 	Codec$given_Codec_Long$.tasty
[debug] 	Resource$.tasty
[debug] 	Table.tasty
[debug] 	Codec$given_Codec_Int$.tasty
[debug] 	Show$.tasty
[debug] 	Table$.tasty
[debug] We backup class files:
[debug] 	Codec$given_Codec_String$.class
[debug] 	Codec$.class
[debug] 	Resource.class
[debug] 	Form$.class
[debug] 	Show.class
[debug] 	Codec.class
[debug] 	Form.class
[debug] 	Codec$given_Codec_Boolean$.class
[debug] 	Codec$given_Codec_Long$.class
[debug] 	Resource$.class
[debug] 	Table.class
[debug] 	Codec$given_Codec_Int$.class
[debug] 	Show$.class
[debug] 	Table$.class
[debug] 	Codec$given_Codec_String$.tasty
[debug] 	Codec$.tasty
[debug] 	Resource.tasty
[debug] 	Form$.tasty
[debug] 	Show.tasty
[debug] 	Codec.tasty
[debug] 	Form.tasty
[debug] 	Codec$given_Codec_Boolean$.tasty
[debug] 	Codec$given_Codec_Long$.tasty
[debug] 	Resource$.tasty
[debug] 	Table.tasty
[debug] 	Codec$given_Codec_Int$.tasty
[debug] 	Show$.tasty
[debug] 	Table$.tasty
[debug] compilation cycle 1
[info] compiling 1 Scala source to /private/tmp/eezo-zinc-lab/debug/target/scala-3.8.4/classes ...
[debug] Returning already retrieved and compiled bridge: /Users/rcardin/Library/Caches/Coursier/v1/https/repo1.maven.org/maven2/org/scala-lang/scala3-sbt-bridge/3.8.4/scala3-sbt-bridge-3.8.4.jar.
[debug] [zinc] Running cached compiler 6b2d96df for Scala Compiler version 3.8.4
[debug] [zinc] The Scala compiler is invoked with:
[debug] 	-classpath
[debug] 	/private/tmp/eezo-zinc-lab/debug/target/scala-3.8.4/classes:/Users/rcardin/Library/Caches/Coursier/v1/https/repo1.maven.org/maven2/org/scala-lang/scala3-library_3/3.8.4/scala3-library_3-3.8.4.jar:/Users/rcardin/Library/Caches/Coursier/v1/https/repo1.maven.org/maven2/org/scala-lang/scala-library/3.8.4/scala-library-3.8.4.jar
[warn] -- [E197] Potential Issue Warning: /private/tmp/eezo-zinc-lab/debug/src/main/scala/model/Typeclasses.scala:26:4 
[warn] 26 |    new Codec[A]:
[warn]    |    ^
[warn]    |   New anonymous class definition will be duplicated at each inline site
[warn]    |
[warn]    | longer explanation available when compiling with `-explain`
[warn] -- [E197] Potential Issue Warning: /private/tmp/eezo-zinc-lab/debug/src/main/scala/model/Typeclasses.scala:40:4 
[warn] 40 |    new Table[A] { def columns = cols }
[warn]    |    ^
[warn]    |   New anonymous class definition will be duplicated at each inline site
[warn]    |
[warn]    | longer explanation available when compiling with `-explain`
[warn] -- [E197] Potential Issue Warning: /private/tmp/eezo-zinc-lab/debug/src/main/scala/model/Typeclasses.scala:47:4 
[warn] 47 |    new Form[A] { def html = cols.map(c => s"<input name='$c'>").mkString }
[warn]    |    ^
[warn]    |   New anonymous class definition will be duplicated at each inline site
[warn]    |
[warn]    | longer explanation available when compiling with `-explain`
[warn] -- [E197] Potential Issue Warning: /private/tmp/eezo-zinc-lab/debug/src/main/scala/model/Typeclasses.scala:54:4 
[warn] 54 |    new Resource[A] { def routes = List("GET /", "POST /") ++ cols.map(c => s"GET /:id/$c") }
[warn]    |    ^
[warn]    |   New anonymous class definition will be duplicated at each inline site
[warn]    |
[warn]    | longer explanation available when compiling with `-explain`
[warn] -- [E197] Potential Issue Warning: /private/tmp/eezo-zinc-lab/debug/src/main/scala/model/Typeclasses.scala:61:4 
[warn] 61 |    new Show[A] { def show(a: A) = cols.mkString("<", ",", ">") }
[warn]    |    ^
[warn]    |   New anonymous class definition will be duplicated at each inline site
[warn]    |
[warn]    | longer explanation available when compiling with `-explain`
[warn] 5 warnings found
[debug] Scala compilation took 0.103415209 s
[info] done compiling
[debug] Registering generated classes:
[debug] 	Codec$given_Codec_String$.class
[debug] 	Codec$.class
[debug] 	Resource.class
[debug] 	Form$.class
[debug] 	Show.class
[debug] 	Codec.class
[debug] 	Form.class
[debug] 	Codec$given_Codec_Boolean$.class
[debug] 	Codec$given_Codec_Long$.class
[debug] 	Resource$.class
[debug] 	Table.class
[debug] 	Codec$given_Codec_Int$.class
[debug] 	Show$.class
[debug] 	Table$.class
[debug] 	Codec$given_Codec_String$.tasty
[debug] 	Codec$.tasty
[debug] 	Resource.tasty
[debug] 	Form$.tasty
[debug] 	Show.tasty
[debug] 	Codec.tasty
[debug] 	Form.tasty
[debug] 	Codec$given_Codec_Boolean$.tasty
[debug] 	Codec$given_Codec_Long$.tasty
[debug] 	Resource$.tasty
[debug] 	Table.tasty
[debug] 	Codec$given_Codec_Int$.tasty
[debug] 	Show$.tasty
[debug] 	Table$.tasty
[debug] Invalidating (transitively) by inheritance from model.Codec...
[debug] Initial set of included nodes: model.Codec
[debug] Including model.Codec$.given_Codec_Boolean by model.Codec
[debug] Including model.Codec$.given_Codec_String by model.Codec
[debug] Including model.Codec$.given_Codec_Long by model.Codec
[debug] Including model.Codec$.given_Codec_Int by model.Codec
[debug] Invalidated by transitive inheritance dependency: Set(model.Codec$.given_Codec_Boolean, model.Codec$.given_Codec_String, model.Codec$.given_Codec_Int, model.Codec$.given_Codec_Long, model.Codec)
[debug] Invalidate by local inheritance: model.Codec -> Set(model.OrderInstances$package, model.User)
[debug] The following modified names cause invalidation of model.User: [UsedName(derived,[Default])]
[debug] The following modified names cause invalidation of model.OrderInstances$package: [UsedName(derived,[Default])]
[debug] The following modified names cause invalidation of model.User: [UsedName(derived,[Default])]
[debug] The following modified names cause invalidation of model.OrderInstances$package: [UsedName(derived,[Default])]
[debug] The following modified names cause invalidation of model.User: [UsedName(derived,[Default])]
[debug] None of the modified names appears in source file of app.Consumer4. This dependency is not being considered for invalidation.
[debug] None of the modified names appears in source file of app.Consumer3. This dependency is not being considered for invalidation.
[debug] None of the modified names appears in source file of app.OrderUse. This dependency is not being considered for invalidation.
[debug] The following modified names cause invalidation of model.OrderInstances$package: [UsedName(derived,[Default])]
[debug] None of the modified names appears in source file of app.Consumer2. This dependency is not being considered for invalidation.
[debug] None of the modified names appears in source file of app.Consumer5. This dependency is not being considered for invalidation.
[debug] None of the modified names appears in source file of app.Consumer1. This dependency is not being considered for invalidation.
[debug] None of the modified names appears in source file of app.Consumer0. This dependency is not being considered for invalidation.
[debug] The following modified names cause invalidation of model.User: [UsedName(derived,[Default])]
[debug] Change NamesChange(model.Codec,ModifiedNames(changes = UsedName(derived,[Default]))) invalidates 7 classes due to The model.Codec has the following regular definitions changed:
[debug] 	UsedName(derived,[Default]).
[debug]   > by transitive inheritance: Set(model.Codec$.given_Codec_Boolean, model.Codec$.given_Codec_String, model.Codec$.given_Codec_Int, model.Codec$.given_Codec_Long, model.Codec)
[debug]   > by local inheritance: Set(model.OrderInstances$package, model.User)
[debug]   > by member reference: Set(model.OrderInstances$package, model.User)
[debug]   > 
[debug]         
[debug] New invalidations:
[debug] 	model.Codec$.given_Codec_Boolean
[debug] 	model.Codec$.given_Codec_String
[debug] 	model.OrderInstances$package
[debug] 	model.Codec$.given_Codec_Int
[debug] 	model.Codec$.given_Codec_Long
[debug] 	model.User
[debug] Initial set of included nodes: model.Codec$.given_Codec_Boolean, model.Codec$.given_Codec_String, model.OrderInstances$package, model.Codec$.given_Codec_Int, model.Codec$.given_Codec_Long, model.User
[debug] Including model.User by model.Codec$.given_Codec_Boolean
[debug] Including app.Named3 by model.User
[debug] Including app.Consumer4 by model.User
[debug] Including app.Consumer3 by model.User
[debug] Including app.Named5 by model.User
[debug] Including app.Named2 by model.User
[debug] Including app.Consumer2 by model.User
[debug] Including app.Consumer5 by model.User
[debug] Including app.Named1 by model.User
[debug] Including app.Consumer1 by model.User
[debug] Including app.Named4 by model.User
[debug] Including app.Consumer0 by model.User
[debug] Including app.Named0 by model.User
[debug] Including model.OrderInstances$package by model.Codec$.given_Codec_String
[debug] Including app.OrderUse by model.OrderInstances$package
[debug] Previously invalidated, but (transitively) depend on new invalidations:
[debug] Final step, transitive dependencies:
[debug] 	Set(model.Codec$.given_Codec_Boolean, model.Codec$.given_Codec_String, model.OrderInstances$package, model.Codec$.given_Codec_Int, model.Codec$.given_Codec_Long, model.User)
[debug] Initial set of included nodes: model.Show, model.Codec$.given_Codec_Boolean, model.Codec$.given_Codec_String, model.Resource, model.Table, model.Codec$.given_Codec_Int, model.Codec$.given_Codec_Long, model.Form, model.Codec
[debug] Including model.User by model.Codec$.given_Codec_Boolean
[debug] Including app.Named3 by model.User
[debug] Including app.Consumer4 by model.User
[debug] Including app.Consumer3 by model.User
[debug] Including app.Named5 by model.User
[debug] Including app.Named2 by model.User
[debug] Including app.Consumer2 by model.User
[debug] Including app.Consumer5 by model.User
[debug] Including app.Named1 by model.User
[debug] Including app.Consumer1 by model.User
[debug] Including app.Named4 by model.User
[debug] Including app.Consumer0 by model.User
[debug] Including app.Named0 by model.User
[debug] Including model.OrderInstances$package by model.Codec$.given_Codec_String
[debug] Including app.OrderUse by model.OrderInstances$package
[debug] Invalidated macros due to upstream dependencies change: Set()
[debug] Initial set of included nodes: model.Show, model.Codec$.given_Codec_Boolean, model.Codec$.given_Codec_String, model.Resource, model.Order, model.Table, model.OrderInstances$package, model.Codec$.given_Codec_Int, model.Codec$.given_Codec_Long, model.Form, model.Codec, model.User
[debug] About to delete class files:
[debug] 	User$$anon$2.class
[debug] 	OrderInstances$package$$anon$2.class
[debug] 	Codec$given_Codec_String$.class
[debug] 	User$.class
[debug] 	Order$.class
[debug] 	Codec$.class
[debug] 	Resource.class
[debug] 	User$$anon$4.class
[debug] 	Order.class
[debug] 	Form$.class
[debug] 	Show.class
[debug] 	OrderInstances$package.class
[debug] 	Codec.class
[debug] 	User$$anon$1.class
[debug] 	Form.class
[debug] 	Codec$given_Codec_Boolean$.class
[debug] 	OrderInstances$package$$anon$1.class
[debug] 	Codec$given_Codec_Long$.class
[debug] 	Resource$.class
[debug] 	OrderInstances$package$.class
[debug] 	User$$anon$3.class
[debug] 	Table.class
[debug] 	Codec$given_Codec_Int$.class
[debug] 	Show$.class
[debug] 	Table$.class
[debug] 	User.class
[debug] 	User$$anon$2.tasty
[debug] 	OrderInstances$package$$anon$2.tasty
[debug] 	Codec$given_Codec_String$.tasty
[debug] 	User$.tasty
[debug] 	Order$.tasty
[debug] 	Codec$.tasty
[debug] 	Resource.tasty
[debug] 	User$$anon$4.tasty
[debug] 	Order.tasty
[debug] 	Form$.tasty
[debug] 	Show.tasty
[debug] 	OrderInstances$package.tasty
[debug] 	Codec.tasty
[debug] 	User$$anon$1.tasty
[debug] 	Form.tasty
[debug] 	Codec$given_Codec_Boolean$.tasty
[debug] 	OrderInstances$package$$anon$1.tasty
[debug] 	Codec$given_Codec_Long$.tasty
[debug] 	Resource$.tasty
[debug] 	OrderInstances$package$.tasty
[debug] 	User$$anon$3.tasty
[debug] 	Table.tasty
[debug] 	Codec$given_Codec_Int$.tasty
[debug] 	Show$.tasty
[debug] 	Table$.tasty
[debug] 	User.tasty
[debug] We backup class files:
[debug] 	User$$anon$2.class
[debug] 	OrderInstances$package$$anon$2.class
[debug] 	User$.class
[debug] 	Order$.class
[debug] 	User$$anon$4.class
[debug] 	Order.class
[debug] 	OrderInstances$package.class
[debug] 	User$$anon$1.class
[debug] 	OrderInstances$package$$anon$1.class
[debug] 	OrderInstances$package$.class
[debug] 	User$$anon$3.class
[debug] 	User.class
[debug] 	User$$anon$2.tasty
[debug] 	OrderInstances$package$$anon$2.tasty
[debug] 	User$.tasty
[debug] 	Order$.tasty
[debug] 	User$$anon$4.tasty
[debug] 	Order.tasty
[debug] 	OrderInstances$package.tasty
[debug] 	User$$anon$1.tasty
[debug] 	OrderInstances$package$$anon$1.tasty
[debug] 	OrderInstances$package$.tasty
[debug] 	User$$anon$3.tasty
[debug] 	User.tasty
[debug] compilation cycle 2
[info] compiling 3 Scala sources to /private/tmp/eezo-zinc-lab/debug/target/scala-3.8.4/classes ...
[debug] Returning already retrieved and compiled bridge: /Users/rcardin/Library/Caches/Coursier/v1/https/repo1.maven.org/maven2/org/scala-lang/scala3-sbt-bridge/3.8.4/scala3-sbt-bridge-3.8.4.jar.
[debug] [zinc] Running cached compiler 60982a65 for Scala Compiler version 3.8.4
[debug] [zinc] The Scala compiler is invoked with:
[debug] 	-classpath
[debug] 	/private/tmp/eezo-zinc-lab/debug/target/scala-3.8.4/classes:/Users/rcardin/Library/Caches/Coursier/v1/https/repo1.maven.org/maven2/org/scala-lang/scala3-library_3/3.8.4/scala3-library_3-3.8.4.jar:/Users/rcardin/Library/Caches/Coursier/v1/https/repo1.maven.org/maven2/org/scala-lang/scala-library/3.8.4/scala-library-3.8.4.jar
[warn] 5 warnings found
[debug] Scala compilation took 0.121370667 s
[info] done compiling
[debug] Registering generated classes:
[debug] 	User$$anon$2.class
[debug] 	OrderInstances$package$$anon$2.class
[debug] 	Codec$given_Codec_String$.class
[debug] 	User$.class
[debug] 	Order$.class
[debug] 	Codec$.class
[debug] 	Resource.class
[debug] 	User$$anon$4.class
[debug] 	Order.class
[debug] 	Form$.class
[debug] 	Show.class
[debug] 	OrderInstances$package.class
[debug] 	Codec.class
[debug] 	User$$anon$1.class
[debug] 	Form.class
[debug] 	Codec$given_Codec_Boolean$.class
[debug] 	OrderInstances$package$$anon$1.class
[debug] 	Codec$given_Codec_Long$.class
[debug] 	Resource$.class
[debug] 	OrderInstances$package$.class
[debug] 	User$$anon$3.class
[debug] 	Table.class
[debug] 	Codec$given_Codec_Int$.class
[debug] 	Show$.class
[debug] 	Table$.class
[debug] 	User.class
[debug] 	User$$anon$2.tasty
[debug] 	OrderInstances$package$$anon$2.tasty
[debug] 	Codec$given_Codec_String$.tasty
[debug] 	User$.tasty
[debug] 	Order$.tasty
[debug] 	Codec$.tasty
[debug] 	Resource.tasty
[debug] 	User$$anon$4.tasty
[debug] 	Order.tasty
[debug] 	Form$.tasty
[debug] 	Show.tasty
[debug] 	OrderInstances$package.tasty
[debug] 	Codec.tasty
[debug] 	User$$anon$1.tasty
[debug] 	Form.tasty
[debug] 	Codec$given_Codec_Boolean$.tasty
[debug] 	OrderInstances$package$$anon$1.tasty
[debug] 	Codec$given_Codec_Long$.tasty
[debug] 	Resource$.tasty
[debug] 	OrderInstances$package$.tasty
[debug] 	User$$anon$3.tasty
[debug] 	Table.tasty
[debug] 	Codec$given_Codec_Int$.tasty
[debug] 	Show$.tasty
[debug] 	Table$.tasty
[debug] 	User.tasty
[debug] New invalidations:
[debug] Initial set of included nodes: 
[debug] Previously invalidated, but (transitively) depend on new invalidations:
[debug] Final step, transitive dependencies:
[debug] 	Set()
[debug] Initial set of included nodes: model.Show, model.Codec$.given_Codec_Boolean, model.Codec$.given_Codec_String, model.Resource, model.Order, model.Table, model.OrderInstances$package, model.Codec$.given_Codec_Int, model.Codec$.given_Codec_Long, model.Form, model.Codec, model.User
[debug] Including model.User by model.Codec$.given_Codec_Boolean
[debug] Including app.Named3 by model.User
[debug] Including app.Consumer4 by model.User
[debug] Including app.Consumer3 by model.User
[debug] Including app.Named5 by model.User
[debug] Including app.Named2 by model.User
[debug] Including app.Consumer2 by model.User
[debug] Including app.Consumer5 by model.User
[debug] Including app.Named1 by model.User
[debug] Including app.Consumer1 by model.User
[debug] Including app.Named4 by model.User
[debug] Including app.Consumer0 by model.User
[debug] Including app.Named0 by model.User
[debug] Including model.OrderInstances$package by model.Codec$.given_Codec_String
[debug] Including app.OrderUse by model.OrderInstances$package
[debug] Invalidated macros due to upstream dependencies change: Set()
[debug] No classes were invalidated.
[debug] Removing the temporary directory used for backing up class files: /private/tmp/eezo-zinc-lab/debug/target/scala-3.8.4/classes.bak
===LAB-TIMED	inline_body_r1	283217
edit applied: reset
===LAB-BEGIN	settle_noninline_body_r1
[debug] [zinc] IncrementalCompile -----------
[debug] IncrementalCompile.incrementalCompile
[debug] previous = Stamps for: 68 products, 24 sources, 1 libraries
[debug] current source = Set(${BASE}/src/main/scala/app/Named1.scala, ${BASE}/src/main/scala/app/Unrelated4.scala, ${BASE}/src/main/scala/app/Unrelated5.scala, ${BASE}/src/main/scala/app/Consumer3.scala, ${BASE}/src/main/scala/app/Unrelated6.scala, ${BASE}/src/main/scala/model/User.scala, ${BASE}/src/main/scala/model/Typeclasses.scala, ${BASE}/src/main/scala/app/Consumer0.scala, ${BASE}/src/main/scala/app/Consumer1.scala, ${BASE}/src/main/scala/app/Named2.scala, ${BASE}/src/main/scala/app/Consumer2.scala, ${BASE}/src/main/scala/app/Named4.scala, ${BASE}/src/main/scala/app/OrderUse.scala, ${BASE}/src/main/scala/app/Unrelated0.scala, ${BASE}/src/main/scala/app/Consumer5.scala, ${BASE}/src/main/scala/app/Unrelated7.scala, ${BASE}/src/main/scala/app/Consumer4.scala, ${BASE}/src/main/scala/app/Named3.scala, ${BASE}/src/main/scala/app/Unrelated1.scala, ${BASE}/src/main/scala/app/Unrelated3.scala, ${BASE}/src/main/scala/app/Unrelated2.scala, ${BASE}/src/main/scala/model/OrderInstances.scala, ${BASE}/src/main/scala/app/Named0.scala, ${BASE}/src/main/scala/app/Named5.scala)
[debug] > initialChanges = InitialChanges(Changes(added = Set(), removed = Set(), changed = Set(${BASE}/src/main/scala/model/Typeclasses.scala), unmodified = ...),Set(),Set(),API Changes: Set())
[debug] 
[debug] Initial source changes:
[debug] 	removed: Set()
[debug] 	added: Set()
[debug] 	modified: Set(${BASE}/src/main/scala/model/Typeclasses.scala)
[debug] Invalidated products: Set()
[debug] External API changes: API Changes: Set()
[debug] Modified binary dependencies: Set()
[debug] Initial directly invalidated classes: Set(model.Show, model.Codec$.given_Codec_Boolean, model.Codec$.given_Codec_String, model.Resource, model.Table, model.Codec$.given_Codec_Int, model.Codec$.given_Codec_Long, model.Form, model.Codec)
[debug] Sources indirectly invalidated by:
[debug] 	product: Set()
[debug] 	binary dep: Set()
[debug] 	external source: Set()
[debug] All initially invalidated classes: Set(model.Show, model.Codec$.given_Codec_Boolean, model.Codec$.given_Codec_String, model.Resource, model.Table, model.Codec$.given_Codec_Int, model.Codec$.given_Codec_Long, model.Form, model.Codec)
[debug] All initially invalidated sources:Set(${BASE}/src/main/scala/model/Typeclasses.scala)
[debug] Created transactional ClassFileManager with tempDir = /private/tmp/eezo-zinc-lab/debug/target/scala-3.8.4/classes.bak
[debug] Initial set of included nodes: model.Show, model.Codec$.given_Codec_Boolean, model.Codec$.given_Codec_String, model.Resource, model.Table, model.Codec$.given_Codec_Int, model.Codec$.given_Codec_Long, model.Form, model.Codec
[debug] About to delete class files:
[debug] 	Codec$given_Codec_String$.class
[debug] 	Codec$.class
[debug] 	Resource.class
[debug] 	Form$.class
[debug] 	Show.class
[debug] 	Codec.class
[debug] 	Form.class
[debug] 	Codec$given_Codec_Boolean$.class
[debug] 	Codec$given_Codec_Long$.class
[debug] 	Resource$.class
[debug] 	Table.class
[debug] 	Codec$given_Codec_Int$.class
[debug] 	Show$.class
[debug] 	Table$.class
[debug] 	Codec$given_Codec_String$.tasty
[debug] 	Codec$.tasty
[debug] 	Resource.tasty
[debug] 	Form$.tasty
[debug] 	Show.tasty
[debug] 	Codec.tasty
[debug] 	Form.tasty
[debug] 	Codec$given_Codec_Boolean$.tasty
[debug] 	Codec$given_Codec_Long$.tasty
[debug] 	Resource$.tasty
[debug] 	Table.tasty
[debug] 	Codec$given_Codec_Int$.tasty
[debug] 	Show$.tasty
[debug] 	Table$.tasty
[debug] We backup class files:
[debug] 	Codec$given_Codec_String$.class
[debug] 	Codec$.class
[debug] 	Resource.class
[debug] 	Form$.class
[debug] 	Show.class
[debug] 	Codec.class
[debug] 	Form.class
[debug] 	Codec$given_Codec_Boolean$.class
[debug] 	Codec$given_Codec_Long$.class
[debug] 	Resource$.class
[debug] 	Table.class
[debug] 	Codec$given_Codec_Int$.class
[debug] 	Show$.class
[debug] 	Table$.class
[debug] 	Codec$given_Codec_String$.tasty
[debug] 	Codec$.tasty
[debug] 	Resource.tasty
[debug] 	Form$.tasty
[debug] 	Show.tasty
[debug] 	Codec.tasty
[debug] 	Form.tasty
[debug] 	Codec$given_Codec_Boolean$.tasty
[debug] 	Codec$given_Codec_Long$.tasty
[debug] 	Resource$.tasty
[debug] 	Table.tasty
[debug] 	Codec$given_Codec_Int$.tasty
[debug] 	Show$.tasty
[debug] 	Table$.tasty
[debug] compilation cycle 1
[info] compiling 1 Scala source to /private/tmp/eezo-zinc-lab/debug/target/scala-3.8.4/classes ...
[debug] Returning already retrieved and compiled bridge: /Users/rcardin/Library/Caches/Coursier/v1/https/repo1.maven.org/maven2/org/scala-lang/scala3-sbt-bridge/3.8.4/scala3-sbt-bridge-3.8.4.jar.
[debug] [zinc] Running cached compiler 2fe8e1ac for Scala Compiler version 3.8.4
[debug] [zinc] The Scala compiler is invoked with:
[debug] 	-classpath
[debug] 	/private/tmp/eezo-zinc-lab/debug/target/scala-3.8.4/classes:/Users/rcardin/Library/Caches/Coursier/v1/https/repo1.maven.org/maven2/org/scala-lang/scala3-library_3/3.8.4/scala3-library_3-3.8.4.jar:/Users/rcardin/Library/Caches/Coursier/v1/https/repo1.maven.org/maven2/org/scala-lang/scala-library/3.8.4/scala-library-3.8.4.jar
[warn] -- [E197] Potential Issue Warning: /private/tmp/eezo-zinc-lab/debug/src/main/scala/model/Typeclasses.scala:26:4 
[warn] 26 |    new Codec[A]:
[warn]    |    ^
[warn]    |   New anonymous class definition will be duplicated at each inline site
[warn]    |
[warn]    | longer explanation available when compiling with `-explain`
[warn] -- [E197] Potential Issue Warning: /private/tmp/eezo-zinc-lab/debug/src/main/scala/model/Typeclasses.scala:40:4 
[warn] 40 |    new Table[A] { def columns = cols }
[warn]    |    ^
[warn]    |   New anonymous class definition will be duplicated at each inline site
[warn]    |
[warn]    | longer explanation available when compiling with `-explain`
[warn] -- [E197] Potential Issue Warning: /private/tmp/eezo-zinc-lab/debug/src/main/scala/model/Typeclasses.scala:47:4 
[warn] 47 |    new Form[A] { def html = cols.map(c => s"<input name='$c'>").mkString }
[warn]    |    ^
[warn]    |   New anonymous class definition will be duplicated at each inline site
[warn]    |
[warn]    | longer explanation available when compiling with `-explain`
[warn] -- [E197] Potential Issue Warning: /private/tmp/eezo-zinc-lab/debug/src/main/scala/model/Typeclasses.scala:54:4 
[warn] 54 |    new Resource[A] { def routes = List("GET /", "POST /") ++ cols.map(c => s"GET /:id/$c") }
[warn]    |    ^
[warn]    |   New anonymous class definition will be duplicated at each inline site
[warn]    |
[warn]    | longer explanation available when compiling with `-explain`
[warn] -- [E197] Potential Issue Warning: /private/tmp/eezo-zinc-lab/debug/src/main/scala/model/Typeclasses.scala:61:4 
[warn] 61 |    new Show[A] { def show(a: A) = cols.mkString("<", ",", ">") }
[warn]    |    ^
[warn]    |   New anonymous class definition will be duplicated at each inline site
[warn]    |
[warn]    | longer explanation available when compiling with `-explain`
[warn] 5 warnings found
[debug] Scala compilation took 0.076925792 s
[info] done compiling
[debug] Registering generated classes:
[debug] 	Codec$given_Codec_String$.class
[debug] 	Codec$.class
[debug] 	Resource.class
[debug] 	Form$.class
[debug] 	Show.class
[debug] 	Codec.class
[debug] 	Form.class
[debug] 	Codec$given_Codec_Boolean$.class
[debug] 	Codec$given_Codec_Long$.class
[debug] 	Resource$.class
[debug] 	Table.class
[debug] 	Codec$given_Codec_Int$.class
[debug] 	Show$.class
[debug] 	Table$.class
[debug] 	Codec$given_Codec_String$.tasty
[debug] 	Codec$.tasty
[debug] 	Resource.tasty
[debug] 	Form$.tasty
[debug] 	Show.tasty
[debug] 	Codec.tasty
[debug] 	Form.tasty
[debug] 	Codec$given_Codec_Boolean$.tasty
[debug] 	Codec$given_Codec_Long$.tasty
[debug] 	Resource$.tasty
[debug] 	Table.tasty
[debug] 	Codec$given_Codec_Int$.tasty
[debug] 	Show$.tasty
[debug] 	Table$.tasty
[debug] Invalidating (transitively) by inheritance from model.Codec...
[debug] Initial set of included nodes: model.Codec
[debug] Including model.Codec$.given_Codec_Boolean by model.Codec
[debug] Including model.Codec$.given_Codec_String by model.Codec
[debug] Including model.Codec$.given_Codec_Long by model.Codec
[debug] Including model.Codec$.given_Codec_Int by model.Codec
[debug] Invalidated by transitive inheritance dependency: Set(model.Codec$.given_Codec_Boolean, model.Codec$.given_Codec_String, model.Codec$.given_Codec_Int, model.Codec$.given_Codec_Long, model.Codec)
[debug] Invalidate by local inheritance: model.Codec -> Set(model.OrderInstances$package, model.User)
[debug] The following modified names cause invalidation of model.User: [UsedName(derived,[Default])]
[debug] The following modified names cause invalidation of model.OrderInstances$package: [UsedName(derived,[Default])]
[debug] The following modified names cause invalidation of model.User: [UsedName(derived,[Default])]
[debug] The following modified names cause invalidation of model.OrderInstances$package: [UsedName(derived,[Default])]
[debug] The following modified names cause invalidation of model.User: [UsedName(derived,[Default])]
[debug] None of the modified names appears in source file of app.Consumer4. This dependency is not being considered for invalidation.
[debug] None of the modified names appears in source file of app.Consumer3. This dependency is not being considered for invalidation.
[debug] None of the modified names appears in source file of app.OrderUse. This dependency is not being considered for invalidation.
[debug] The following modified names cause invalidation of model.OrderInstances$package: [UsedName(derived,[Default])]
[debug] None of the modified names appears in source file of app.Consumer2. This dependency is not being considered for invalidation.
[debug] None of the modified names appears in source file of app.Consumer5. This dependency is not being considered for invalidation.
[debug] None of the modified names appears in source file of app.Consumer1. This dependency is not being considered for invalidation.
[debug] None of the modified names appears in source file of app.Consumer0. This dependency is not being considered for invalidation.
[debug] The following modified names cause invalidation of model.User: [UsedName(derived,[Default])]
[debug] Change NamesChange(model.Codec,ModifiedNames(changes = UsedName(derived,[Default]))) invalidates 7 classes due to The model.Codec has the following regular definitions changed:
[debug] 	UsedName(derived,[Default]).
[debug]   > by transitive inheritance: Set(model.Codec$.given_Codec_Boolean, model.Codec$.given_Codec_String, model.Codec$.given_Codec_Int, model.Codec$.given_Codec_Long, model.Codec)
[debug]   > by local inheritance: Set(model.OrderInstances$package, model.User)
[debug]   > by member reference: Set(model.OrderInstances$package, model.User)
[debug]   > 
[debug]         
[debug] New invalidations:
[debug] 	model.Codec$.given_Codec_Boolean
[debug] 	model.Codec$.given_Codec_String
[debug] 	model.OrderInstances$package
[debug] 	model.Codec$.given_Codec_Int
[debug] 	model.Codec$.given_Codec_Long
[debug] 	model.User
[debug] Initial set of included nodes: model.Codec$.given_Codec_Boolean, model.Codec$.given_Codec_String, model.OrderInstances$package, model.Codec$.given_Codec_Int, model.Codec$.given_Codec_Long, model.User
[debug] Including model.User by model.Codec$.given_Codec_Boolean
[debug] Including app.Named3 by model.User
[debug] Including app.Consumer4 by model.User
[debug] Including app.Consumer3 by model.User
[debug] Including app.Named5 by model.User
[debug] Including app.Named2 by model.User
[debug] Including app.Consumer2 by model.User
[debug] Including app.Consumer5 by model.User
[debug] Including app.Named1 by model.User
[debug] Including app.Consumer1 by model.User
[debug] Including app.Named4 by model.User
[debug] Including app.Consumer0 by model.User
[debug] Including app.Named0 by model.User
[debug] Including model.OrderInstances$package by model.Codec$.given_Codec_String
[debug] Including app.OrderUse by model.OrderInstances$package
[debug] Previously invalidated, but (transitively) depend on new invalidations:
[debug] Final step, transitive dependencies:
[debug] 	Set(model.Codec$.given_Codec_Boolean, model.Codec$.given_Codec_String, model.OrderInstances$package, model.Codec$.given_Codec_Int, model.Codec$.given_Codec_Long, model.User)
[debug] Initial set of included nodes: model.Show, model.Codec$.given_Codec_Boolean, model.Codec$.given_Codec_String, model.Resource, model.Table, model.Codec$.given_Codec_Int, model.Codec$.given_Codec_Long, model.Form, model.Codec
[debug] Including model.User by model.Codec$.given_Codec_Boolean
[debug] Including app.Named3 by model.User
[debug] Including app.Consumer4 by model.User
[debug] Including app.Consumer3 by model.User
[debug] Including app.Named5 by model.User
[debug] Including app.Named2 by model.User
[debug] Including app.Consumer2 by model.User
[debug] Including app.Consumer5 by model.User
[debug] Including app.Named1 by model.User
[debug] Including app.Consumer1 by model.User
[debug] Including app.Named4 by model.User
[debug] Including app.Consumer0 by model.User
[debug] Including app.Named0 by model.User
[debug] Including model.OrderInstances$package by model.Codec$.given_Codec_String
[debug] Including app.OrderUse by model.OrderInstances$package
[debug] Invalidated macros due to upstream dependencies change: Set()
[debug] Initial set of included nodes: model.Show, model.Codec$.given_Codec_Boolean, model.Codec$.given_Codec_String, model.Resource, model.Order, model.Table, model.OrderInstances$package, model.Codec$.given_Codec_Int, model.Codec$.given_Codec_Long, model.Form, model.Codec, model.User
[debug] About to delete class files:
[debug] 	User$$anon$2.class
[debug] 	OrderInstances$package$$anon$2.class
[debug] 	Codec$given_Codec_String$.class
[debug] 	User$.class
[debug] 	Order$.class
[debug] 	Codec$.class
[debug] 	Resource.class
[debug] 	User$$anon$4.class
[debug] 	Order.class
[debug] 	Form$.class
[debug] 	Show.class
[debug] 	OrderInstances$package.class
[debug] 	Codec.class
[debug] 	User$$anon$1.class
[debug] 	Form.class
[debug] 	Codec$given_Codec_Boolean$.class
[debug] 	OrderInstances$package$$anon$1.class
[debug] 	Codec$given_Codec_Long$.class
[debug] 	Resource$.class
[debug] 	OrderInstances$package$.class
[debug] 	User$$anon$3.class
[debug] 	Table.class
[debug] 	Codec$given_Codec_Int$.class
[debug] 	Show$.class
[debug] 	Table$.class
[debug] 	User.class
[debug] 	User$$anon$2.tasty
[debug] 	OrderInstances$package$$anon$2.tasty
[debug] 	Codec$given_Codec_String$.tasty
[debug] 	User$.tasty
[debug] 	Order$.tasty
[debug] 	Codec$.tasty
[debug] 	Resource.tasty
[debug] 	User$$anon$4.tasty
[debug] 	Order.tasty
[debug] 	Form$.tasty
[debug] 	Show.tasty
[debug] 	OrderInstances$package.tasty
[debug] 	Codec.tasty
[debug] 	User$$anon$1.tasty
[debug] 	Form.tasty
[debug] 	Codec$given_Codec_Boolean$.tasty
[debug] 	OrderInstances$package$$anon$1.tasty
[debug] 	Codec$given_Codec_Long$.tasty
[debug] 	Resource$.tasty
[debug] 	OrderInstances$package$.tasty
[debug] 	User$$anon$3.tasty
[debug] 	Table.tasty
[debug] 	Codec$given_Codec_Int$.tasty
[debug] 	Show$.tasty
[debug] 	Table$.tasty
[debug] 	User.tasty
[debug] We backup class files:
[debug] 	User$$anon$2.class
[debug] 	OrderInstances$package$$anon$2.class
[debug] 	User$.class
[debug] 	Order$.class
[debug] 	User$$anon$4.class
[debug] 	Order.class
[debug] 	OrderInstances$package.class
[debug] 	User$$anon$1.class
[debug] 	OrderInstances$package$$anon$1.class
[debug] 	OrderInstances$package$.class
[debug] 	User$$anon$3.class
[debug] 	User.class
[debug] 	User$$anon$2.tasty
[debug] 	OrderInstances$package$$anon$2.tasty
[debug] 	User$.tasty
[debug] 	Order$.tasty
[debug] 	User$$anon$4.tasty
[debug] 	Order.tasty
[debug] 	OrderInstances$package.tasty
[debug] 	User$$anon$1.tasty
[debug] 	OrderInstances$package$$anon$1.tasty
[debug] 	OrderInstances$package$.tasty
[debug] 	User$$anon$3.tasty
[debug] 	User.tasty
[debug] compilation cycle 2
[info] compiling 3 Scala sources to /private/tmp/eezo-zinc-lab/debug/target/scala-3.8.4/classes ...
[debug] Returning already retrieved and compiled bridge: /Users/rcardin/Library/Caches/Coursier/v1/https/repo1.maven.org/maven2/org/scala-lang/scala3-sbt-bridge/3.8.4/scala3-sbt-bridge-3.8.4.jar.
[debug] [zinc] Running cached compiler f1eb80a for Scala Compiler version 3.8.4
[debug] [zinc] The Scala compiler is invoked with:
[debug] 	-classpath
[debug] 	/private/tmp/eezo-zinc-lab/debug/target/scala-3.8.4/classes:/Users/rcardin/Library/Caches/Coursier/v1/https/repo1.maven.org/maven2/org/scala-lang/scala3-library_3/3.8.4/scala3-library_3-3.8.4.jar:/Users/rcardin/Library/Caches/Coursier/v1/https/repo1.maven.org/maven2/org/scala-lang/scala-library/3.8.4/scala-library-3.8.4.jar
[warn] 5 warnings found
[debug] Scala compilation took 0.116959 s
[info] done compiling
[debug] Registering generated classes:
[debug] 	User$$anon$2.class
[debug] 	OrderInstances$package$$anon$2.class
[debug] 	Codec$given_Codec_String$.class
[debug] 	User$.class
[debug] 	Order$.class
[debug] 	Codec$.class
[debug] 	Resource.class
[debug] 	User$$anon$4.class
[debug] 	Order.class
[debug] 	Form$.class
[debug] 	Show.class
[debug] 	OrderInstances$package.class
[debug] 	Codec.class
[debug] 	User$$anon$1.class
[debug] 	Form.class
[debug] 	Codec$given_Codec_Boolean$.class
[debug] 	OrderInstances$package$$anon$1.class
[debug] 	Codec$given_Codec_Long$.class
[debug] 	Resource$.class
[debug] 	OrderInstances$package$.class
[debug] 	User$$anon$3.class
[debug] 	Table.class
[debug] 	Codec$given_Codec_Int$.class
[debug] 	Show$.class
[debug] 	Table$.class
[debug] 	User.class
[debug] 	User$$anon$2.tasty
[debug] 	OrderInstances$package$$anon$2.tasty
[debug] 	Codec$given_Codec_String$.tasty
[debug] 	User$.tasty
[debug] 	Order$.tasty
[debug] 	Codec$.tasty
[debug] 	Resource.tasty
[debug] 	User$$anon$4.tasty
[debug] 	Order.tasty
[debug] 	Form$.tasty
[debug] 	Show.tasty
[debug] 	OrderInstances$package.tasty
[debug] 	Codec.tasty
[debug] 	User$$anon$1.tasty
[debug] 	Form.tasty
[debug] 	Codec$given_Codec_Boolean$.tasty
[debug] 	OrderInstances$package$$anon$1.tasty
[debug] 	Codec$given_Codec_Long$.tasty
[debug] 	Resource$.tasty
[debug] 	OrderInstances$package$.tasty
[debug] 	User$$anon$3.tasty
[debug] 	Table.tasty
[debug] 	Codec$given_Codec_Int$.tasty
[debug] 	Show$.tasty
[debug] 	Table$.tasty
[debug] 	User.tasty
[debug] New invalidations:
[debug] Initial set of included nodes: 
[debug] Previously invalidated, but (transitively) depend on new invalidations:
[debug] Final step, transitive dependencies:
[debug] 	Set()
[debug] Initial set of included nodes: model.Show, model.Codec$.given_Codec_Boolean, model.Codec$.given_Codec_String, model.Resource, model.Order, model.Table, model.OrderInstances$package, model.Codec$.given_Codec_Int, model.Codec$.given_Codec_Long, model.Form, model.Codec, model.User
[debug] Including model.User by model.Codec$.given_Codec_Boolean
[debug] Including app.Named3 by model.User
[debug] Including app.Consumer4 by model.User
[debug] Including app.Consumer3 by model.User
[debug] Including app.Named5 by model.User
[debug] Including app.Named2 by model.User
[debug] Including app.Consumer2 by model.User
[debug] Including app.Consumer5 by model.User
[debug] Including app.Named1 by model.User
[debug] Including app.Consumer1 by model.User
[debug] Including app.Named4 by model.User
[debug] Including app.Consumer0 by model.User
[debug] Including app.Named0 by model.User
[debug] Including model.OrderInstances$package by model.Codec$.given_Codec_String
[debug] Including app.OrderUse by model.OrderInstances$package
[debug] Invalidated macros due to upstream dependencies change: Set()
[debug] No classes were invalidated.
[debug] Removing the temporary directory used for backing up class files: /private/tmp/eezo-zinc-lab/debug/target/scala-3.8.4/classes.bak
===LAB-TIMED	settle_noninline_body_r1	250249
edit applied: noninline_body
===LAB-BEGIN	noninline_body_r1
[debug] [zinc] IncrementalCompile -----------
[debug] IncrementalCompile.incrementalCompile
[debug] previous = Stamps for: 68 products, 24 sources, 1 libraries
[debug] current source = Set(${BASE}/src/main/scala/app/Named1.scala, ${BASE}/src/main/scala/app/Unrelated4.scala, ${BASE}/src/main/scala/app/Unrelated5.scala, ${BASE}/src/main/scala/app/Consumer3.scala, ${BASE}/src/main/scala/app/Unrelated6.scala, ${BASE}/src/main/scala/model/User.scala, ${BASE}/src/main/scala/model/Typeclasses.scala, ${BASE}/src/main/scala/app/Consumer0.scala, ${BASE}/src/main/scala/app/Consumer1.scala, ${BASE}/src/main/scala/app/Named2.scala, ${BASE}/src/main/scala/app/Consumer2.scala, ${BASE}/src/main/scala/app/Named4.scala, ${BASE}/src/main/scala/app/OrderUse.scala, ${BASE}/src/main/scala/app/Unrelated0.scala, ${BASE}/src/main/scala/app/Consumer5.scala, ${BASE}/src/main/scala/app/Unrelated7.scala, ${BASE}/src/main/scala/app/Consumer4.scala, ${BASE}/src/main/scala/app/Named3.scala, ${BASE}/src/main/scala/app/Unrelated1.scala, ${BASE}/src/main/scala/app/Unrelated3.scala, ${BASE}/src/main/scala/app/Unrelated2.scala, ${BASE}/src/main/scala/model/OrderInstances.scala, ${BASE}/src/main/scala/app/Named0.scala, ${BASE}/src/main/scala/app/Named5.scala)
[debug] > initialChanges = InitialChanges(Changes(added = Set(), removed = Set(), changed = Set(${BASE}/src/main/scala/model/Typeclasses.scala), unmodified = ...),Set(),Set(),API Changes: Set())
[debug] 
[debug] Initial source changes:
[debug] 	removed: Set()
[debug] 	added: Set()
[debug] 	modified: Set(${BASE}/src/main/scala/model/Typeclasses.scala)
[debug] Invalidated products: Set()
[debug] External API changes: API Changes: Set()
[debug] Modified binary dependencies: Set()
[debug] Initial directly invalidated classes: Set(model.Show, model.Codec$.given_Codec_Boolean, model.Codec$.given_Codec_String, model.Resource, model.Table, model.Codec$.given_Codec_Int, model.Codec$.given_Codec_Long, model.Form, model.Codec)
[debug] Sources indirectly invalidated by:
[debug] 	product: Set()
[debug] 	binary dep: Set()
[debug] 	external source: Set()
[debug] All initially invalidated classes: Set(model.Show, model.Codec$.given_Codec_Boolean, model.Codec$.given_Codec_String, model.Resource, model.Table, model.Codec$.given_Codec_Int, model.Codec$.given_Codec_Long, model.Form, model.Codec)
[debug] All initially invalidated sources:Set(${BASE}/src/main/scala/model/Typeclasses.scala)
[debug] Created transactional ClassFileManager with tempDir = /private/tmp/eezo-zinc-lab/debug/target/scala-3.8.4/classes.bak
[debug] Initial set of included nodes: model.Show, model.Codec$.given_Codec_Boolean, model.Codec$.given_Codec_String, model.Resource, model.Table, model.Codec$.given_Codec_Int, model.Codec$.given_Codec_Long, model.Form, model.Codec
[debug] About to delete class files:
[debug] 	Codec$given_Codec_String$.class
[debug] 	Codec$.class
[debug] 	Resource.class
[debug] 	Form$.class
[debug] 	Show.class
[debug] 	Codec.class
[debug] 	Form.class
[debug] 	Codec$given_Codec_Boolean$.class
[debug] 	Codec$given_Codec_Long$.class
[debug] 	Resource$.class
[debug] 	Table.class
[debug] 	Codec$given_Codec_Int$.class
[debug] 	Show$.class
[debug] 	Table$.class
[debug] 	Codec$given_Codec_String$.tasty
[debug] 	Codec$.tasty
[debug] 	Resource.tasty
[debug] 	Form$.tasty
[debug] 	Show.tasty
[debug] 	Codec.tasty
[debug] 	Form.tasty
[debug] 	Codec$given_Codec_Boolean$.tasty
[debug] 	Codec$given_Codec_Long$.tasty
[debug] 	Resource$.tasty
[debug] 	Table.tasty
[debug] 	Codec$given_Codec_Int$.tasty
[debug] 	Show$.tasty
[debug] 	Table$.tasty
[debug] We backup class files:
[debug] 	Codec$given_Codec_String$.class
[debug] 	Codec$.class
[debug] 	Resource.class
[debug] 	Form$.class
[debug] 	Show.class
[debug] 	Codec.class
[debug] 	Form.class
[debug] 	Codec$given_Codec_Boolean$.class
[debug] 	Codec$given_Codec_Long$.class
[debug] 	Resource$.class
[debug] 	Table.class
[debug] 	Codec$given_Codec_Int$.class
[debug] 	Show$.class
[debug] 	Table$.class
[debug] 	Codec$given_Codec_String$.tasty
[debug] 	Codec$.tasty
[debug] 	Resource.tasty
[debug] 	Form$.tasty
[debug] 	Show.tasty
[debug] 	Codec.tasty
[debug] 	Form.tasty
[debug] 	Codec$given_Codec_Boolean$.tasty
[debug] 	Codec$given_Codec_Long$.tasty
[debug] 	Resource$.tasty
[debug] 	Table.tasty
[debug] 	Codec$given_Codec_Int$.tasty
[debug] 	Show$.tasty
[debug] 	Table$.tasty
[debug] compilation cycle 1
[info] compiling 1 Scala source to /private/tmp/eezo-zinc-lab/debug/target/scala-3.8.4/classes ...
[debug] Returning already retrieved and compiled bridge: /Users/rcardin/Library/Caches/Coursier/v1/https/repo1.maven.org/maven2/org/scala-lang/scala3-sbt-bridge/3.8.4/scala3-sbt-bridge-3.8.4.jar.
[debug] [zinc] Running cached compiler 52f68a5c for Scala Compiler version 3.8.4
[debug] [zinc] The Scala compiler is invoked with:
[debug] 	-classpath
[debug] 	/private/tmp/eezo-zinc-lab/debug/target/scala-3.8.4/classes:/Users/rcardin/Library/Caches/Coursier/v1/https/repo1.maven.org/maven2/org/scala-lang/scala3-library_3/3.8.4/scala3-library_3-3.8.4.jar:/Users/rcardin/Library/Caches/Coursier/v1/https/repo1.maven.org/maven2/org/scala-lang/scala-library/3.8.4/scala-library-3.8.4.jar
[warn] -- [E197] Potential Issue Warning: /private/tmp/eezo-zinc-lab/debug/src/main/scala/model/Typeclasses.scala:26:4 
[warn] 26 |    new Codec[A]:
[warn]    |    ^
[warn]    |   New anonymous class definition will be duplicated at each inline site
[warn]    |
[warn]    | longer explanation available when compiling with `-explain`
[warn] -- [E197] Potential Issue Warning: /private/tmp/eezo-zinc-lab/debug/src/main/scala/model/Typeclasses.scala:40:4 
[warn] 40 |    new Table[A] { def columns = cols }
[warn]    |    ^
[warn]    |   New anonymous class definition will be duplicated at each inline site
[warn]    |
[warn]    | longer explanation available when compiling with `-explain`
[warn] -- [E197] Potential Issue Warning: /private/tmp/eezo-zinc-lab/debug/src/main/scala/model/Typeclasses.scala:47:4 
[warn] 47 |    new Form[A] { def html = cols.map(c => s"<input name='$c'>").mkString }
[warn]    |    ^
[warn]    |   New anonymous class definition will be duplicated at each inline site
[warn]    |
[warn]    | longer explanation available when compiling with `-explain`
[warn] -- [E197] Potential Issue Warning: /private/tmp/eezo-zinc-lab/debug/src/main/scala/model/Typeclasses.scala:54:4 
[warn] 54 |    new Resource[A] { def routes = List("GET /", "POST /") ++ cols.map(c => s"GET /:id/$c") }
[warn]    |    ^
[warn]    |   New anonymous class definition will be duplicated at each inline site
[warn]    |
[warn]    | longer explanation available when compiling with `-explain`
[warn] -- [E197] Potential Issue Warning: /private/tmp/eezo-zinc-lab/debug/src/main/scala/model/Typeclasses.scala:61:4 
[warn] 61 |    new Show[A] { def show(a: A) = cols.mkString("<", ",", ">") }
[warn]    |    ^
[warn]    |   New anonymous class definition will be duplicated at each inline site
[warn]    |
[warn]    | longer explanation available when compiling with `-explain`
[warn] 5 warnings found
[debug] Scala compilation took 0.073052542 s
[info] done compiling
[debug] Registering generated classes:
[debug] 	Codec$given_Codec_String$.class
[debug] 	Codec$.class
[debug] 	Resource.class
[debug] 	Form$.class
[debug] 	Show.class
[debug] 	Codec.class
[debug] 	Form.class
[debug] 	Codec$given_Codec_Boolean$.class
[debug] 	Codec$given_Codec_Long$.class
[debug] 	Resource$.class
[debug] 	Table.class
[debug] 	Codec$given_Codec_Int$.class
[debug] 	Show$.class
[debug] 	Table$.class
[debug] 	Codec$given_Codec_String$.tasty
[debug] 	Codec$.tasty
[debug] 	Resource.tasty
[debug] 	Form$.tasty
[debug] 	Show.tasty
[debug] 	Codec.tasty
[debug] 	Form.tasty
[debug] 	Codec$given_Codec_Boolean$.tasty
[debug] 	Codec$given_Codec_Long$.tasty
[debug] 	Resource$.tasty
[debug] 	Table.tasty
[debug] 	Codec$given_Codec_Int$.tasty
[debug] 	Show$.tasty
[debug] 	Table$.tasty
[debug] New invalidations:
[debug] Initial set of included nodes: 
[debug] Previously invalidated, but (transitively) depend on new invalidations:
[debug] Final step, transitive dependencies:
[debug] 	Set()
[debug] Initial set of included nodes: model.Show, model.Codec$.given_Codec_Boolean, model.Codec$.given_Codec_String, model.Resource, model.Table, model.Codec$.given_Codec_Int, model.Codec$.given_Codec_Long, model.Form, model.Codec
[debug] Including model.User by model.Codec$.given_Codec_Boolean
[debug] Including app.Named3 by model.User
[debug] Including app.Consumer4 by model.User
[debug] Including app.Consumer3 by model.User
[debug] Including app.Named5 by model.User
[debug] Including app.Named2 by model.User
[debug] Including app.Consumer2 by model.User
[debug] Including app.Consumer5 by model.User
[debug] Including app.Named1 by model.User
[debug] Including app.Consumer1 by model.User
[debug] Including app.Named4 by model.User
[debug] Including app.Consumer0 by model.User
[debug] Including app.Named0 by model.User
[debug] Including model.OrderInstances$package by model.Codec$.given_Codec_String
[debug] Including app.OrderUse by model.OrderInstances$package
[debug] Invalidated macros due to upstream dependencies change: Set()
[debug] No classes were invalidated.
[debug] Removing the temporary directory used for backing up class files: /private/tmp/eezo-zinc-lab/debug/target/scala-3.8.4/classes.bak
===LAB-TIMED	noninline_body_r1	104807
edit applied: reset
===LAB-BEGIN	settle_unrelated_body_r1
[debug] [zinc] IncrementalCompile -----------
[debug] IncrementalCompile.incrementalCompile
[debug] previous = Stamps for: 68 products, 24 sources, 1 libraries
[debug] current source = Set(${BASE}/src/main/scala/app/Named1.scala, ${BASE}/src/main/scala/app/Unrelated4.scala, ${BASE}/src/main/scala/app/Unrelated5.scala, ${BASE}/src/main/scala/app/Consumer3.scala, ${BASE}/src/main/scala/app/Unrelated6.scala, ${BASE}/src/main/scala/model/User.scala, ${BASE}/src/main/scala/model/Typeclasses.scala, ${BASE}/src/main/scala/app/Consumer0.scala, ${BASE}/src/main/scala/app/Consumer1.scala, ${BASE}/src/main/scala/app/Named2.scala, ${BASE}/src/main/scala/app/Consumer2.scala, ${BASE}/src/main/scala/app/Named4.scala, ${BASE}/src/main/scala/app/OrderUse.scala, ${BASE}/src/main/scala/app/Unrelated0.scala, ${BASE}/src/main/scala/app/Consumer5.scala, ${BASE}/src/main/scala/app/Unrelated7.scala, ${BASE}/src/main/scala/app/Consumer4.scala, ${BASE}/src/main/scala/app/Named3.scala, ${BASE}/src/main/scala/app/Unrelated1.scala, ${BASE}/src/main/scala/app/Unrelated3.scala, ${BASE}/src/main/scala/app/Unrelated2.scala, ${BASE}/src/main/scala/model/OrderInstances.scala, ${BASE}/src/main/scala/app/Named0.scala, ${BASE}/src/main/scala/app/Named5.scala)
[debug] > initialChanges = InitialChanges(Changes(added = Set(), removed = Set(), changed = Set(${BASE}/src/main/scala/model/Typeclasses.scala), unmodified = ...),Set(),Set(),API Changes: Set())
[debug] 
[debug] Initial source changes:
[debug] 	removed: Set()
[debug] 	added: Set()
[debug] 	modified: Set(${BASE}/src/main/scala/model/Typeclasses.scala)
[debug] Invalidated products: Set()
[debug] External API changes: API Changes: Set()
[debug] Modified binary dependencies: Set()
[debug] Initial directly invalidated classes: Set(model.Show, model.Codec$.given_Codec_Boolean, model.Codec$.given_Codec_String, model.Resource, model.Table, model.Codec$.given_Codec_Int, model.Codec$.given_Codec_Long, model.Form, model.Codec)
[debug] Sources indirectly invalidated by:
[debug] 	product: Set()
[debug] 	binary dep: Set()
[debug] 	external source: Set()
[debug] All initially invalidated classes: Set(model.Show, model.Codec$.given_Codec_Boolean, model.Codec$.given_Codec_String, model.Resource, model.Table, model.Codec$.given_Codec_Int, model.Codec$.given_Codec_Long, model.Form, model.Codec)
[debug] All initially invalidated sources:Set(${BASE}/src/main/scala/model/Typeclasses.scala)
[debug] Created transactional ClassFileManager with tempDir = /private/tmp/eezo-zinc-lab/debug/target/scala-3.8.4/classes.bak
[debug] Initial set of included nodes: model.Show, model.Codec$.given_Codec_Boolean, model.Codec$.given_Codec_String, model.Resource, model.Table, model.Codec$.given_Codec_Int, model.Codec$.given_Codec_Long, model.Form, model.Codec
[debug] About to delete class files:
[debug] 	Codec$given_Codec_String$.class
[debug] 	Codec$.class
[debug] 	Resource.class
[debug] 	Form$.class
[debug] 	Show.class
[debug] 	Codec.class
[debug] 	Form.class
[debug] 	Codec$given_Codec_Boolean$.class
[debug] 	Codec$given_Codec_Long$.class
[debug] 	Resource$.class
[debug] 	Table.class
[debug] 	Codec$given_Codec_Int$.class
[debug] 	Show$.class
[debug] 	Table$.class
[debug] 	Codec$given_Codec_String$.tasty
[debug] 	Codec$.tasty
[debug] 	Resource.tasty
[debug] 	Form$.tasty
[debug] 	Show.tasty
[debug] 	Codec.tasty
[debug] 	Form.tasty
[debug] 	Codec$given_Codec_Boolean$.tasty
[debug] 	Codec$given_Codec_Long$.tasty
[debug] 	Resource$.tasty
[debug] 	Table.tasty
[debug] 	Codec$given_Codec_Int$.tasty
[debug] 	Show$.tasty
[debug] 	Table$.tasty
[debug] We backup class files:
[debug] 	Codec$given_Codec_String$.class
[debug] 	Codec$.class
[debug] 	Resource.class
[debug] 	Form$.class
[debug] 	Show.class
[debug] 	Codec.class
[debug] 	Form.class
[debug] 	Codec$given_Codec_Boolean$.class
[debug] 	Codec$given_Codec_Long$.class
[debug] 	Resource$.class
[debug] 	Table.class
[debug] 	Codec$given_Codec_Int$.class
[debug] 	Show$.class
[debug] 	Table$.class
[debug] 	Codec$given_Codec_String$.tasty
[debug] 	Codec$.tasty
[debug] 	Resource.tasty
[debug] 	Form$.tasty
[debug] 	Show.tasty
[debug] 	Codec.tasty
[debug] 	Form.tasty
[debug] 	Codec$given_Codec_Boolean$.tasty
[debug] 	Codec$given_Codec_Long$.tasty
[debug] 	Resource$.tasty
[debug] 	Table.tasty
[debug] 	Codec$given_Codec_Int$.tasty
[debug] 	Show$.tasty
[debug] 	Table$.tasty
[debug] compilation cycle 1
[info] compiling 1 Scala source to /private/tmp/eezo-zinc-lab/debug/target/scala-3.8.4/classes ...
[debug] Returning already retrieved and compiled bridge: /Users/rcardin/Library/Caches/Coursier/v1/https/repo1.maven.org/maven2/org/scala-lang/scala3-sbt-bridge/3.8.4/scala3-sbt-bridge-3.8.4.jar.
[debug] [zinc] Running cached compiler 38dbb008 for Scala Compiler version 3.8.4
[debug] [zinc] The Scala compiler is invoked with:
[debug] 	-classpath
[debug] 	/private/tmp/eezo-zinc-lab/debug/target/scala-3.8.4/classes:/Users/rcardin/Library/Caches/Coursier/v1/https/repo1.maven.org/maven2/org/scala-lang/scala3-library_3/3.8.4/scala3-library_3-3.8.4.jar:/Users/rcardin/Library/Caches/Coursier/v1/https/repo1.maven.org/maven2/org/scala-lang/scala-library/3.8.4/scala-library-3.8.4.jar
[warn] -- [E197] Potential Issue Warning: /private/tmp/eezo-zinc-lab/debug/src/main/scala/model/Typeclasses.scala:26:4 
[warn] 26 |    new Codec[A]:
[warn]    |    ^
[warn]    |   New anonymous class definition will be duplicated at each inline site
[warn]    |
[warn]    | longer explanation available when compiling with `-explain`
[warn] -- [E197] Potential Issue Warning: /private/tmp/eezo-zinc-lab/debug/src/main/scala/model/Typeclasses.scala:40:4 
[warn] 40 |    new Table[A] { def columns = cols }
[warn]    |    ^
[warn]    |   New anonymous class definition will be duplicated at each inline site
[warn]    |
[warn]    | longer explanation available when compiling with `-explain`
[warn] -- [E197] Potential Issue Warning: /private/tmp/eezo-zinc-lab/debug/src/main/scala/model/Typeclasses.scala:47:4 
[warn] 47 |    new Form[A] { def html = cols.map(c => s"<input name='$c'>").mkString }
[warn]    |    ^
[warn]    |   New anonymous class definition will be duplicated at each inline site
[warn]    |
[warn]    | longer explanation available when compiling with `-explain`
[warn] -- [E197] Potential Issue Warning: /private/tmp/eezo-zinc-lab/debug/src/main/scala/model/Typeclasses.scala:54:4 
[warn] 54 |    new Resource[A] { def routes = List("GET /", "POST /") ++ cols.map(c => s"GET /:id/$c") }
[warn]    |    ^
[warn]    |   New anonymous class definition will be duplicated at each inline site
[warn]    |
[warn]    | longer explanation available when compiling with `-explain`
[warn] -- [E197] Potential Issue Warning: /private/tmp/eezo-zinc-lab/debug/src/main/scala/model/Typeclasses.scala:61:4 
[warn] 61 |    new Show[A] { def show(a: A) = cols.mkString("<", ",", ">") }
[warn]    |    ^
[warn]    |   New anonymous class definition will be duplicated at each inline site
[warn]    |
[warn]    | longer explanation available when compiling with `-explain`
[warn] 5 warnings found
[debug] Scala compilation took 0.07671675 s
[info] done compiling
[debug] Registering generated classes:
[debug] 	Codec$given_Codec_String$.class
[debug] 	Codec$.class
[debug] 	Resource.class
[debug] 	Form$.class
[debug] 	Show.class
[debug] 	Codec.class
[debug] 	Form.class
[debug] 	Codec$given_Codec_Boolean$.class
[debug] 	Codec$given_Codec_Long$.class
[debug] 	Resource$.class
[debug] 	Table.class
[debug] 	Codec$given_Codec_Int$.class
[debug] 	Show$.class
[debug] 	Table$.class
[debug] 	Codec$given_Codec_String$.tasty
[debug] 	Codec$.tasty
[debug] 	Resource.tasty
[debug] 	Form$.tasty
[debug] 	Show.tasty
[debug] 	Codec.tasty
[debug] 	Form.tasty
[debug] 	Codec$given_Codec_Boolean$.tasty
[debug] 	Codec$given_Codec_Long$.tasty
[debug] 	Resource$.tasty
[debug] 	Table.tasty
[debug] 	Codec$given_Codec_Int$.tasty
[debug] 	Show$.tasty
[debug] 	Table$.tasty
[debug] New invalidations:
[debug] Initial set of included nodes: 
[debug] Previously invalidated, but (transitively) depend on new invalidations:
[debug] Final step, transitive dependencies:
[debug] 	Set()
[debug] Initial set of included nodes: model.Show, model.Codec$.given_Codec_Boolean, model.Codec$.given_Codec_String, model.Resource, model.Table, model.Codec$.given_Codec_Int, model.Codec$.given_Codec_Long, model.Form, model.Codec
[debug] Including model.User by model.Codec$.given_Codec_Boolean
[debug] Including app.Named3 by model.User
[debug] Including app.Consumer4 by model.User
[debug] Including app.Consumer3 by model.User
[debug] Including app.Named5 by model.User
[debug] Including app.Named2 by model.User
[debug] Including app.Consumer2 by model.User
[debug] Including app.Consumer5 by model.User
[debug] Including app.Named1 by model.User
[debug] Including app.Consumer1 by model.User
[debug] Including app.Named4 by model.User
[debug] Including app.Consumer0 by model.User
[debug] Including app.Named0 by model.User
[debug] Including model.OrderInstances$package by model.Codec$.given_Codec_String
[debug] Including app.OrderUse by model.OrderInstances$package
[debug] Invalidated macros due to upstream dependencies change: Set()
[debug] No classes were invalidated.
[debug] Removing the temporary directory used for backing up class files: /private/tmp/eezo-zinc-lab/debug/target/scala-3.8.4/classes.bak
===LAB-TIMED	settle_unrelated_body_r1	109017
edit applied: unrelated_body
===LAB-BEGIN	unrelated_body_r1
[debug] [zinc] IncrementalCompile -----------
[debug] IncrementalCompile.incrementalCompile
[debug] previous = Stamps for: 68 products, 24 sources, 1 libraries
[debug] current source = Set(${BASE}/src/main/scala/app/Named1.scala, ${BASE}/src/main/scala/app/Unrelated4.scala, ${BASE}/src/main/scala/app/Unrelated5.scala, ${BASE}/src/main/scala/app/Consumer3.scala, ${BASE}/src/main/scala/app/Unrelated6.scala, ${BASE}/src/main/scala/model/User.scala, ${BASE}/src/main/scala/model/Typeclasses.scala, ${BASE}/src/main/scala/app/Consumer0.scala, ${BASE}/src/main/scala/app/Consumer1.scala, ${BASE}/src/main/scala/app/Named2.scala, ${BASE}/src/main/scala/app/Consumer2.scala, ${BASE}/src/main/scala/app/Named4.scala, ${BASE}/src/main/scala/app/OrderUse.scala, ${BASE}/src/main/scala/app/Unrelated0.scala, ${BASE}/src/main/scala/app/Consumer5.scala, ${BASE}/src/main/scala/app/Unrelated7.scala, ${BASE}/src/main/scala/app/Consumer4.scala, ${BASE}/src/main/scala/app/Named3.scala, ${BASE}/src/main/scala/app/Unrelated1.scala, ${BASE}/src/main/scala/app/Unrelated3.scala, ${BASE}/src/main/scala/app/Unrelated2.scala, ${BASE}/src/main/scala/model/OrderInstances.scala, ${BASE}/src/main/scala/app/Named0.scala, ${BASE}/src/main/scala/app/Named5.scala)
[debug] > initialChanges = InitialChanges(Changes(added = Set(), removed = Set(), changed = Set(${BASE}/src/main/scala/app/Unrelated0.scala), unmodified = ...),Set(),Set(),API Changes: Set())
[debug] 
[debug] Initial source changes:
[debug] 	removed: Set()
[debug] 	added: Set()
[debug] 	modified: Set(${BASE}/src/main/scala/app/Unrelated0.scala)
[debug] Invalidated products: Set()
[debug] External API changes: API Changes: Set()
[debug] Modified binary dependencies: Set()
[debug] Initial directly invalidated classes: Set(app.Unrelated0)
[debug] Sources indirectly invalidated by:
[debug] 	product: Set()
[debug] 	binary dep: Set()
[debug] 	external source: Set()
[debug] All initially invalidated classes: Set(app.Unrelated0)
[debug] All initially invalidated sources:Set(${BASE}/src/main/scala/app/Unrelated0.scala)
[debug] Created transactional ClassFileManager with tempDir = /private/tmp/eezo-zinc-lab/debug/target/scala-3.8.4/classes.bak
[debug] Initial set of included nodes: app.Unrelated0
[debug] About to delete class files:
[debug] 	Unrelated0$.class
[debug] 	Unrelated0.class
[debug] 	Unrelated0$.tasty
[debug] 	Unrelated0.tasty
[debug] We backup class files:
[debug] 	Unrelated0$.class
[debug] 	Unrelated0.class
[debug] 	Unrelated0$.tasty
[debug] 	Unrelated0.tasty
[debug] compilation cycle 1
[info] compiling 1 Scala source to /private/tmp/eezo-zinc-lab/debug/target/scala-3.8.4/classes ...
[debug] Returning already retrieved and compiled bridge: /Users/rcardin/Library/Caches/Coursier/v1/https/repo1.maven.org/maven2/org/scala-lang/scala3-sbt-bridge/3.8.4/scala3-sbt-bridge-3.8.4.jar.
[debug] [zinc] Running cached compiler 989aec8 for Scala Compiler version 3.8.4
[debug] [zinc] The Scala compiler is invoked with:
[debug] 	-classpath
[debug] 	/private/tmp/eezo-zinc-lab/debug/target/scala-3.8.4/classes:/Users/rcardin/Library/Caches/Coursier/v1/https/repo1.maven.org/maven2/org/scala-lang/scala3-library_3/3.8.4/scala3-library_3-3.8.4.jar:/Users/rcardin/Library/Caches/Coursier/v1/https/repo1.maven.org/maven2/org/scala-lang/scala-library/3.8.4/scala-library-3.8.4.jar
[debug] Scala compilation took 0.034440625 s
[info] done compiling
[debug] Registering generated classes:
[debug] 	Unrelated0$.class
[debug] 	Unrelated0.class
[debug] 	Unrelated0$.tasty
[debug] 	Unrelated0.tasty
[debug] New invalidations:
[debug] Initial set of included nodes: 
[debug] Previously invalidated, but (transitively) depend on new invalidations:
[debug] Final step, transitive dependencies:
[debug] 	Set()
[debug] Initial set of included nodes: app.Unrelated0
[debug] Invalidated macros due to upstream dependencies change: Set()
[debug] No classes were invalidated.
[debug] Removing the temporary directory used for backing up class files: /private/tmp/eezo-zinc-lab/debug/target/scala-3.8.4/classes.bak
===LAB-TIMED	unrelated_body_r1	55510
edit applied: reset
===LAB-BEGIN	settle_consumer_body_r1
[debug] [zinc] IncrementalCompile -----------
[debug] IncrementalCompile.incrementalCompile
[debug] previous = Stamps for: 68 products, 24 sources, 1 libraries
[debug] current source = Set(${BASE}/src/main/scala/app/Named1.scala, ${BASE}/src/main/scala/app/Unrelated4.scala, ${BASE}/src/main/scala/app/Unrelated5.scala, ${BASE}/src/main/scala/app/Consumer3.scala, ${BASE}/src/main/scala/app/Unrelated6.scala, ${BASE}/src/main/scala/model/User.scala, ${BASE}/src/main/scala/model/Typeclasses.scala, ${BASE}/src/main/scala/app/Consumer0.scala, ${BASE}/src/main/scala/app/Consumer1.scala, ${BASE}/src/main/scala/app/Named2.scala, ${BASE}/src/main/scala/app/Consumer2.scala, ${BASE}/src/main/scala/app/Named4.scala, ${BASE}/src/main/scala/app/OrderUse.scala, ${BASE}/src/main/scala/app/Unrelated0.scala, ${BASE}/src/main/scala/app/Consumer5.scala, ${BASE}/src/main/scala/app/Unrelated7.scala, ${BASE}/src/main/scala/app/Consumer4.scala, ${BASE}/src/main/scala/app/Named3.scala, ${BASE}/src/main/scala/app/Unrelated1.scala, ${BASE}/src/main/scala/app/Unrelated3.scala, ${BASE}/src/main/scala/app/Unrelated2.scala, ${BASE}/src/main/scala/model/OrderInstances.scala, ${BASE}/src/main/scala/app/Named0.scala, ${BASE}/src/main/scala/app/Named5.scala)
[debug] > initialChanges = InitialChanges(Changes(added = Set(), removed = Set(), changed = Set(${BASE}/src/main/scala/app/Unrelated0.scala), unmodified = ...),Set(),Set(),API Changes: Set())
[debug] 
[debug] Initial source changes:
[debug] 	removed: Set()
[debug] 	added: Set()
[debug] 	modified: Set(${BASE}/src/main/scala/app/Unrelated0.scala)
[debug] Invalidated products: Set()
[debug] External API changes: API Changes: Set()
[debug] Modified binary dependencies: Set()
[debug] Initial directly invalidated classes: Set(app.Unrelated0)
[debug] Sources indirectly invalidated by:
[debug] 	product: Set()
[debug] 	binary dep: Set()
[debug] 	external source: Set()
[debug] All initially invalidated classes: Set(app.Unrelated0)
[debug] All initially invalidated sources:Set(${BASE}/src/main/scala/app/Unrelated0.scala)
[debug] Created transactional ClassFileManager with tempDir = /private/tmp/eezo-zinc-lab/debug/target/scala-3.8.4/classes.bak
[debug] Initial set of included nodes: app.Unrelated0
[debug] About to delete class files:
[debug] 	Unrelated0$.class
[debug] 	Unrelated0.class
[debug] 	Unrelated0$.tasty
[debug] 	Unrelated0.tasty
[debug] We backup class files:
[debug] 	Unrelated0$.class
[debug] 	Unrelated0.class
[debug] 	Unrelated0$.tasty
[debug] 	Unrelated0.tasty
[debug] compilation cycle 1
[info] compiling 1 Scala source to /private/tmp/eezo-zinc-lab/debug/target/scala-3.8.4/classes ...
[debug] Returning already retrieved and compiled bridge: /Users/rcardin/Library/Caches/Coursier/v1/https/repo1.maven.org/maven2/org/scala-lang/scala3-sbt-bridge/3.8.4/scala3-sbt-bridge-3.8.4.jar.
[debug] [zinc] Running cached compiler 3ae8abbb for Scala Compiler version 3.8.4
[debug] [zinc] The Scala compiler is invoked with:
[debug] 	-classpath
[debug] 	/private/tmp/eezo-zinc-lab/debug/target/scala-3.8.4/classes:/Users/rcardin/Library/Caches/Coursier/v1/https/repo1.maven.org/maven2/org/scala-lang/scala3-library_3/3.8.4/scala3-library_3-3.8.4.jar:/Users/rcardin/Library/Caches/Coursier/v1/https/repo1.maven.org/maven2/org/scala-lang/scala-library/3.8.4/scala-library-3.8.4.jar
[debug] Scala compilation took 0.03048975 s
[info] done compiling
[debug] Registering generated classes:
[debug] 	Unrelated0$.class
[debug] 	Unrelated0.class
[debug] 	Unrelated0$.tasty
[debug] 	Unrelated0.tasty
[debug] New invalidations:
[debug] Initial set of included nodes: 
[debug] Previously invalidated, but (transitively) depend on new invalidations:
[debug] Final step, transitive dependencies:
[debug] 	Set()
[debug] Initial set of included nodes: app.Unrelated0
[debug] Invalidated macros due to upstream dependencies change: Set()
[debug] No classes were invalidated.
[debug] Removing the temporary directory used for backing up class files: /private/tmp/eezo-zinc-lab/debug/target/scala-3.8.4/classes.bak
===LAB-TIMED	settle_consumer_body_r1	50582
edit applied: consumer_body
===LAB-BEGIN	consumer_body_r1
[debug] [zinc] IncrementalCompile -----------
[debug] IncrementalCompile.incrementalCompile
[debug] previous = Stamps for: 68 products, 24 sources, 1 libraries
[debug] current source = Set(${BASE}/src/main/scala/app/Named1.scala, ${BASE}/src/main/scala/app/Unrelated4.scala, ${BASE}/src/main/scala/app/Unrelated5.scala, ${BASE}/src/main/scala/app/Consumer3.scala, ${BASE}/src/main/scala/app/Unrelated6.scala, ${BASE}/src/main/scala/model/User.scala, ${BASE}/src/main/scala/model/Typeclasses.scala, ${BASE}/src/main/scala/app/Consumer0.scala, ${BASE}/src/main/scala/app/Consumer1.scala, ${BASE}/src/main/scala/app/Named2.scala, ${BASE}/src/main/scala/app/Consumer2.scala, ${BASE}/src/main/scala/app/Named4.scala, ${BASE}/src/main/scala/app/OrderUse.scala, ${BASE}/src/main/scala/app/Unrelated0.scala, ${BASE}/src/main/scala/app/Consumer5.scala, ${BASE}/src/main/scala/app/Unrelated7.scala, ${BASE}/src/main/scala/app/Consumer4.scala, ${BASE}/src/main/scala/app/Named3.scala, ${BASE}/src/main/scala/app/Unrelated1.scala, ${BASE}/src/main/scala/app/Unrelated3.scala, ${BASE}/src/main/scala/app/Unrelated2.scala, ${BASE}/src/main/scala/model/OrderInstances.scala, ${BASE}/src/main/scala/app/Named0.scala, ${BASE}/src/main/scala/app/Named5.scala)
[debug] > initialChanges = InitialChanges(Changes(added = Set(), removed = Set(), changed = Set(${BASE}/src/main/scala/app/Consumer0.scala), unmodified = ...),Set(),Set(),API Changes: Set())
[debug] 
[debug] Initial source changes:
[debug] 	removed: Set()
[debug] 	added: Set()
[debug] 	modified: Set(${BASE}/src/main/scala/app/Consumer0.scala)
[debug] Invalidated products: Set()
[debug] External API changes: API Changes: Set()
[debug] Modified binary dependencies: Set()
[debug] Initial directly invalidated classes: Set(app.Consumer0)
[debug] Sources indirectly invalidated by:
[debug] 	product: Set()
[debug] 	binary dep: Set()
[debug] 	external source: Set()
[debug] All initially invalidated classes: Set(app.Consumer0)
[debug] All initially invalidated sources:Set(${BASE}/src/main/scala/app/Consumer0.scala)
[debug] Created transactional ClassFileManager with tempDir = /private/tmp/eezo-zinc-lab/debug/target/scala-3.8.4/classes.bak
[debug] Initial set of included nodes: app.Consumer0
[debug] About to delete class files:
[debug] 	Consumer0$.class
[debug] 	Consumer0.class
[debug] 	Consumer0$.tasty
[debug] 	Consumer0.tasty
[debug] We backup class files:
[debug] 	Consumer0$.class
[debug] 	Consumer0.class
[debug] 	Consumer0$.tasty
[debug] 	Consumer0.tasty
[debug] compilation cycle 1
[info] compiling 1 Scala source to /private/tmp/eezo-zinc-lab/debug/target/scala-3.8.4/classes ...
[debug] Returning already retrieved and compiled bridge: /Users/rcardin/Library/Caches/Coursier/v1/https/repo1.maven.org/maven2/org/scala-lang/scala3-sbt-bridge/3.8.4/scala3-sbt-bridge-3.8.4.jar.
[debug] [zinc] Running cached compiler 4407a3df for Scala Compiler version 3.8.4
[debug] [zinc] The Scala compiler is invoked with:
[debug] 	-classpath
[debug] 	/private/tmp/eezo-zinc-lab/debug/target/scala-3.8.4/classes:/Users/rcardin/Library/Caches/Coursier/v1/https/repo1.maven.org/maven2/org/scala-lang/scala3-library_3/3.8.4/scala3-library_3-3.8.4.jar:/Users/rcardin/Library/Caches/Coursier/v1/https/repo1.maven.org/maven2/org/scala-lang/scala-library/3.8.4/scala-library-3.8.4.jar
[debug] Scala compilation took 0.061836834 s
[info] done compiling
[debug] Registering generated classes:
[debug] 	Consumer0$.class
[debug] 	Consumer0.class
[debug] 	Consumer0$.tasty
[debug] 	Consumer0.tasty
[debug] Invalidating (transitively) by inheritance from app.Consumer0...
[debug] Initial set of included nodes: app.Consumer0
[debug] Invalidated by transitive inheritance dependency: Set(app.Consumer0)
[debug] Change NamesChange(app.Consumer0,ModifiedNames(changes = UsedName(extra,[Default]))) invalidates 1 classes due to The app.Consumer0 has the following regular definitions changed:
[debug] 	UsedName(extra,[Default]).
[debug]   > by transitive inheritance: Set(app.Consumer0)
[debug]   > 
[debug]   > 
[debug]   > 
[debug]         
[debug] New invalidations:
[debug] Initial set of included nodes: 
[debug] Previously invalidated, but (transitively) depend on new invalidations:
[debug] Final step, transitive dependencies:
[debug] 	Set()
[debug] Initial set of included nodes: app.Consumer0
[debug] Invalidated macros due to upstream dependencies change: Set()
[debug] No classes were invalidated.
[debug] Removing the temporary directory used for backing up class files: /private/tmp/eezo-zinc-lab/debug/target/scala-3.8.4/classes.bak
===LAB-TIMED	consumer_body_r1	82914
edit applied: reset
===LAB-BEGIN	final_reset
[debug] [zinc] IncrementalCompile -----------
[debug] IncrementalCompile.incrementalCompile
[debug] previous = Stamps for: 68 products, 24 sources, 1 libraries
[debug] current source = Set(${BASE}/src/main/scala/app/Named1.scala, ${BASE}/src/main/scala/app/Unrelated4.scala, ${BASE}/src/main/scala/app/Unrelated5.scala, ${BASE}/src/main/scala/app/Consumer3.scala, ${BASE}/src/main/scala/app/Unrelated6.scala, ${BASE}/src/main/scala/model/User.scala, ${BASE}/src/main/scala/model/Typeclasses.scala, ${BASE}/src/main/scala/app/Consumer0.scala, ${BASE}/src/main/scala/app/Consumer1.scala, ${BASE}/src/main/scala/app/Named2.scala, ${BASE}/src/main/scala/app/Consumer2.scala, ${BASE}/src/main/scala/app/Named4.scala, ${BASE}/src/main/scala/app/OrderUse.scala, ${BASE}/src/main/scala/app/Unrelated0.scala, ${BASE}/src/main/scala/app/Consumer5.scala, ${BASE}/src/main/scala/app/Unrelated7.scala, ${BASE}/src/main/scala/app/Consumer4.scala, ${BASE}/src/main/scala/app/Named3.scala, ${BASE}/src/main/scala/app/Unrelated1.scala, ${BASE}/src/main/scala/app/Unrelated3.scala, ${BASE}/src/main/scala/app/Unrelated2.scala, ${BASE}/src/main/scala/model/OrderInstances.scala, ${BASE}/src/main/scala/app/Named0.scala, ${BASE}/src/main/scala/app/Named5.scala)
[debug] > initialChanges = InitialChanges(Changes(added = Set(), removed = Set(), changed = Set(${BASE}/src/main/scala/app/Consumer0.scala), unmodified = ...),Set(),Set(),API Changes: Set())
[debug] 
[debug] Initial source changes:
[debug] 	removed: Set()
[debug] 	added: Set()
[debug] 	modified: Set(${BASE}/src/main/scala/app/Consumer0.scala)
[debug] Invalidated products: Set()
[debug] External API changes: API Changes: Set()
[debug] Modified binary dependencies: Set()
[debug] Initial directly invalidated classes: Set(app.Consumer0)
[debug] Sources indirectly invalidated by:
[debug] 	product: Set()
[debug] 	binary dep: Set()
[debug] 	external source: Set()
[debug] All initially invalidated classes: Set(app.Consumer0)
[debug] All initially invalidated sources:Set(${BASE}/src/main/scala/app/Consumer0.scala)
[debug] Created transactional ClassFileManager with tempDir = /private/tmp/eezo-zinc-lab/debug/target/scala-3.8.4/classes.bak
[debug] Initial set of included nodes: app.Consumer0
[debug] About to delete class files:
[debug] 	Consumer0$.class
[debug] 	Consumer0.class
[debug] 	Consumer0$.tasty
[debug] 	Consumer0.tasty
[debug] We backup class files:
[debug] 	Consumer0$.class
[debug] 	Consumer0.class
[debug] 	Consumer0$.tasty
[debug] 	Consumer0.tasty
[debug] compilation cycle 1
[info] compiling 1 Scala source to /private/tmp/eezo-zinc-lab/debug/target/scala-3.8.4/classes ...
[debug] Returning already retrieved and compiled bridge: /Users/rcardin/Library/Caches/Coursier/v1/https/repo1.maven.org/maven2/org/scala-lang/scala3-sbt-bridge/3.8.4/scala3-sbt-bridge-3.8.4.jar.
[debug] [zinc] Running cached compiler 27b19eb4 for Scala Compiler version 3.8.4
[debug] [zinc] The Scala compiler is invoked with:
[debug] 	-classpath
[debug] 	/private/tmp/eezo-zinc-lab/debug/target/scala-3.8.4/classes:/Users/rcardin/Library/Caches/Coursier/v1/https/repo1.maven.org/maven2/org/scala-lang/scala3-library_3/3.8.4/scala3-library_3-3.8.4.jar:/Users/rcardin/Library/Caches/Coursier/v1/https/repo1.maven.org/maven2/org/scala-lang/scala-library/3.8.4/scala-library-3.8.4.jar
[debug] Scala compilation took 0.054384542 s
[info] done compiling
[debug] Registering generated classes:
[debug] 	Consumer0$.class
[debug] 	Consumer0.class
[debug] 	Consumer0$.tasty
[debug] 	Consumer0.tasty
[debug] Invalidating (transitively) by inheritance from app.Consumer0...
[debug] Initial set of included nodes: app.Consumer0
[debug] Invalidated by transitive inheritance dependency: Set(app.Consumer0)
[debug] Change NamesChange(app.Consumer0,ModifiedNames(changes = UsedName(extra,[Default]))) invalidates 1 classes due to The app.Consumer0 has the following regular definitions changed:
[debug] 	UsedName(extra,[Default]).
[debug]   > by transitive inheritance: Set(app.Consumer0)
[debug]   > 
[debug]   > 
[debug]   > 
[debug]         
[debug] New invalidations:
[debug] Initial set of included nodes: 
[debug] Previously invalidated, but (transitively) depend on new invalidations:
[debug] Final step, transitive dependencies:
[debug] 	Set()
[debug] Initial set of included nodes: app.Consumer0
[debug] Invalidated macros due to upstream dependencies change: Set()
[debug] No classes were invalidated.
[debug] Removing the temporary directory used for backing up class files: /private/tmp/eezo-zinc-lab/debug/target/scala-3.8.4/classes.bak
===LAB-TIMED	final_reset	75157
